thumbnail,thumbnail_url,thumbnail_alt_tag
"003aab18-59fb-468d-bd4c-ab07c8f8db46.jpg","http://est05.esalestrack.com/eSalesTrack/Content/Content.ashx?file=003aab18-59fb-468d-bd4c-ab07c8f8db46.jpg","employees in a meeting "
"00f1c3fb-9eee-482c-95cf-71ca0ae01aa8.jpg","http://est05.esalestrack.com/eSalesTrack/Content/Content.ashx?file=00f1c3fb-9eee-482c-95cf-71ca0ae01aa8.jpg","business people sitting at a table with laptops "
"02a631fa-6cde-4ed8-bb31-c11a7ecc1d59.jpg","http://est05.esalestrack.com/eSalesTrack/Content/Content.ashx?file=02a631fa-6cde-4ed8-bb31-c11a7ecc1d59.jpg",""
"0368e3c3-0c8a-4759-89d8-336859cb1659.jpg","http://est05.esalestrack.com/eSalesTrack/Content/Content.ashx?file=0368e3c3-0c8a-4759-89d8-336859cb1659.jpg","Cornell logo"
"03c7821e-878e-4fa1-ade1-017dbed58982.jpg","http://est05.esalestrack.com/eSalesTrack/Content/Content.ashx?file=03c7821e-878e-4fa1-ade1-017dbed58982.jpg","What's the best way to show D&I progress over time?"
"0473919a-76e4-4c05-9af4-f35b62e920ac.jpg","http://est05.esalestrack.com/eSalesTrack/Content/Content.ashx?file=0473919a-76e4-4c05-9af4-f35b62e920ac.jpg","building "
"047c5154-ceb3-4242-b4d4-3b29748ff9a2.jpg","http://est05.esalestrack.com/eSalesTrack/Content/Content.ashx?file=047c5154-ceb3-4242-b4d4-3b29748ff9a2.jpg",""
"0502b70b-bf76-47e3-8405-663845da0bc0.jpg","http://est05.esalestrack.com/eSalesTrack/Content/Content.ashx?file=0502b70b-bf76-47e3-8405-663845da0bc0.jpg","HR Analytics "
"059facbe-220f-4630-b9ef-a3725e0e630b.png","http://est05.esalestrack.com/eSalesTrack/Content/Content.ashx?file=059facbe-220f-4630-b9ef-a3725e0e630b.png","Accenture CAHRS Partner Company's D&I Expert Shares how the Firm is Reducing Bias"
"0678f6d6-14e4-4b2a-b707-87498bb02824.jpg","http://est05.esalestrack.com/eSalesTrack/Content/Content.ashx?file=0678f6d6-14e4-4b2a-b707-87498bb02824.jpg","pay"
"070547f5-7e1a-4a4c-ade4-d8c1aef10da5.jpg","http://est05.esalestrack.com/eSalesTrack/Content/Content.ashx?file=070547f5-7e1a-4a4c-ade4-d8c1aef10da5.jpg","Three Critical Skills Needed to be Successful in HR"
"0a127bf4-1c62-40e5-aaf5-6925e2590a07.jpg","http://est05.esalestrack.com/eSalesTrack/Content/Content.ashx?file=0a127bf4-1c62-40e5-aaf5-6925e2590a07.jpg","people sitting around a table talking "
"0a173b03-1b97-4e60-9055-f39e15b1c25a.jpg","http://est05.esalestrack.com/eSalesTrack/Content/Content.ashx?file=0a173b03-1b97-4e60-9055-f39e15b1c25a.jpg","HR Analytics "
"0d77e0c7-3033-4ea2-bf52-3ae70fe45211.jpg","http://est05.esalestrack.com/eSalesTrack/Content/Content.ashx?file=0d77e0c7-3033-4ea2-bf52-3ae70fe45211.jpg","Future of work "
"0ee147d4-89c6-416d-b2b9-16d5e5435721.jpg","http://est05.esalestrack.com/eSalesTrack/Content/Content.ashx?file=0ee147d4-89c6-416d-b2b9-16d5e5435721.jpg","Talent Management During the Post-Pandemic Transition"
"0fc6a274-bc0a-44c4-bf25-a52680a18791.jpg","http://est05.esalestrack.com/eSalesTrack/Content/Content.ashx?file=0fc6a274-bc0a-44c4-bf25-a52680a18791.jpg","pyramid with people on it representing talent"
"104356dd-470a-4867-a4f3-22d44ef0a39f.jpg","http://est05.esalestrack.com/eSalesTrack/Content/Content.ashx?file=104356dd-470a-4867-a4f3-22d44ef0a39f.jpg","HRBP"
"114f9c71-93a0-4853-a4c2-ef930b7e0855.jpg","http://est05.esalestrack.com/eSalesTrack/Content/Content.ashx?file=114f9c71-93a0-4853-a4c2-ef930b7e0855.jpg","well being"
"122f132b-71af-49c3-99e9-5a9f232b82de.jpg","http://est05.esalestrack.com/eSalesTrack/Content/Content.ashx?file=122f132b-71af-49c3-99e9-5a9f232b82de.jpg","Business Community in HR"
"1253e4bc-5b8c-4af4-9b07-532dc078a8ab.jpg","http://est05.esalestrack.com/eSalesTrack/Content/Content.ashx?file=1253e4bc-5b8c-4af4-9b07-532dc078a8ab.jpg","DE&I as a Key Theme Given Racial and Social Injustrices in 2020"
"14d9df43-7534-400f-8e07-2272c8a8d9a3.jpg","http://est05.esalestrack.com/eSalesTrack/Content/Content.ashx?file=14d9df43-7534-400f-8e07-2272c8a8d9a3.jpg",""
"15294b1e-63b1-4f65-a8eb-e04e5abd0f74.jpg","http://est05.esalestrack.com/eSalesTrack/Content/Content.ashx?file=15294b1e-63b1-4f65-a8eb-e04e5abd0f74.jpg","Navigating Cultural Fault Lines"
"15c05367-b42d-4ff2-86cb-8a22622f1851.jpg","http://est05.esalestrack.com/eSalesTrack/Content/Content.ashx?file=15c05367-b42d-4ff2-86cb-8a22622f1851.jpg","strategy"
"16254571-479a-4187-9e1f-1bd4b9e7339d.jpg","http://est05.esalestrack.com/eSalesTrack/Content/Content.ashx?file=16254571-479a-4187-9e1f-1bd4b9e7339d.jpg","return to work "
"17242b4a-00e6-4b5c-9089-998d37fae55e.jpg","http://est05.esalestrack.com/eSalesTrack/Content/Content.ashx?file=17242b4a-00e6-4b5c-9089-998d37fae55e.jpg","HR Shared Services: Models and Trends webcast"
"179c4997-3308-4758-b96c-6a7879b0b9e1.jpg","http://est05.esalestrack.com/eSalesTrack/Content/Content.ashx?file=179c4997-3308-4758-b96c-6a7879b0b9e1.jpg","HRBP"
"17d75680-5ae9-4557-b845-d764ce6e0b96.jpg","http://est05.esalestrack.com/eSalesTrack/Content/Content.ashx?file=17d75680-5ae9-4557-b845-d764ce6e0b96.jpg","Virtual Learning webcast"
"1922de7c-726a-4411-a8fa-2ac3e1ed6268.jpg","http://est05.esalestrack.com/eSalesTrack/Content/Content.ashx?file=1922de7c-726a-4411-a8fa-2ac3e1ed6268.jpg","Virtual Learning webcast"
"1940ddfc-790f-4ebd-a19c-2647afcaaabb.jpg","http://est05.esalestrack.com/eSalesTrack/Content/Content.ashx?file=1940ddfc-790f-4ebd-a19c-2647afcaaabb.jpg","diverse"
"19a13a64-1f8a-4c41-b093-cd4c208e645d.jpg","http://est05.esalestrack.com/eSalesTrack/Content/Content.ashx?file=19a13a64-1f8a-4c41-b093-cd4c208e645d.jpg","measurement"
"19c70eef-a020-42e2-822d-875345ca2bfa.jpg","http://est05.esalestrack.com/eSalesTrack/Content/Content.ashx?file=19c70eef-a020-42e2-822d-875345ca2bfa.jpg","person holding cell phone "
"1a5a0119-d3be-4825-b9b6-bb439f601b84.jpg","http://est05.esalestrack.com/eSalesTrack/Content/Content.ashx?file=1a5a0119-d3be-4825-b9b6-bb439f601b84.jpg","butterfly and cocoons representing change"
"1d7aa086-9626-4f8e-a8f0-e17403b59631.jpg","http://est05.esalestrack.com/eSalesTrack/Content/Content.ashx?file=1d7aa086-9626-4f8e-a8f0-e17403b59631.jpg","people sitting around a table talking "
"1dae9f5d-5afd-476c-8c22-c467903f9422.jpg","http://est05.esalestrack.com/eSalesTrack/Content/Content.ashx?file=1dae9f5d-5afd-476c-8c22-c467903f9422.jpg","Preparing for Post Pandemic Work and Workplace "
"1e463db4-3389-4057-af2e-d9a98fb7608d.jpg","http://est05.esalestrack.com/eSalesTrack/Content/Content.ashx?file=1e463db4-3389-4057-af2e-d9a98fb7608d.jpg","HR: Managing Both Strategic and Execution Roles"
"1f65a045-3095-495e-8a87-622214ec365c.jpg","http://est05.esalestrack.com/eSalesTrack/Content/Content.ashx?file=1f65a045-3095-495e-8a87-622214ec365c.jpg","employee strike"
"1fd62dea-27a8-45f3-afca-52acae368232.jpg","http://est05.esalestrack.com/eSalesTrack/Content/Content.ashx?file=1fd62dea-27a8-45f3-afca-52acae368232.jpg","employee engagement quarterly"
"1fdb5ccc-4ff5-4889-b225-6b09f025e23a.jpg","http://est05.esalestrack.com/eSalesTrack/Content/Content.ashx?file=1fdb5ccc-4ff5-4889-b225-6b09f025e23a.jpg","mug with the words hustle on it"
"204e1226-326f-4514-9af5-1a62d2fecda0.jpg","http://est05.esalestrack.com/eSalesTrack/Content/Content.ashx?file=204e1226-326f-4514-9af5-1a62d2fecda0.jpg","incentives for coming back to the office"
"210ca9d3-8e60-45b8-aed0-3c5844ecd690.jpg","http://est05.esalestrack.com/eSalesTrack/Content/Content.ashx?file=210ca9d3-8e60-45b8-aed0-3c5844ecd690.jpg","stacked apples representing building"
"217c4f2d-e292-4f41-acac-7405b49b5b29.jpg","http://est05.esalestrack.com/eSalesTrack/Content/Content.ashx?file=217c4f2d-e292-4f41-acac-7405b49b5b29.jpg","Future of work "
"219bee72-1cbc-4861-a9ea-90b50a588e9d.jpg","http://est05.esalestrack.com/eSalesTrack/Content/Content.ashx?file=219bee72-1cbc-4861-a9ea-90b50a588e9d.jpg","Future of work "
"21a2a6b8-9509-4f4c-85ad-f0876036eb82.jpg","http://est05.esalestrack.com/eSalesTrack/Content/Content.ashx?file=21a2a6b8-9509-4f4c-85ad-f0876036eb82.jpg","strategy"
"22d24a6b-230a-48d9-b9c6-d5b9db100b84.jpg","http://est05.esalestrack.com/eSalesTrack/Content/Content.ashx?file=22d24a6b-230a-48d9-b9c6-d5b9db100b84.jpg","HRBP"
"23b1b4f7-bbb6-4a1e-99ef-34a166cb861c.jpg","http://est05.esalestrack.com/eSalesTrack/Content/Content.ashx?file=23b1b4f7-bbb6-4a1e-99ef-34a166cb861c.jpg","employee engagement quarterly"
"241d0465-bc8f-4cdb-82ae-050ff482ffc5.jpg","http://est05.esalestrack.com/eSalesTrack/Content/Content.ashx?file=241d0465-bc8f-4cdb-82ae-050ff482ffc5.jpg","the end"
"26e0b4f9-11e7-4dcc-94b8-f3b864d9066b.jpg","http://est05.esalestrack.com/eSalesTrack/Content/Content.ashx?file=26e0b4f9-11e7-4dcc-94b8-f3b864d9066b.jpg","employee engagement quarterly"
"279cfc70-4c27-46e4-84a0-53133eee04a5.jpg","http://est05.esalestrack.com/eSalesTrack/Content/Content.ashx?file=279cfc70-4c27-46e4-84a0-53133eee04a5.jpg","Mobile Learning Content Tips video clip"
"27c4a68f-653d-479e-902c-fc9b3863563e.jpg","http://est05.esalestrack.com/eSalesTrack/Content/Content.ashx?file=27c4a68f-653d-479e-902c-fc9b3863563e.jpg","remote work "
"27d02990-ff9a-40b6-ac9c-344ac4814e73.jpg","http://est05.esalestrack.com/eSalesTrack/Content/Content.ashx?file=27d02990-ff9a-40b6-ac9c-344ac4814e73.jpg","Future of work "
"27e26dd8-d841-487f-b332-2d5cdd6e49b7.jpg","http://est05.esalestrack.com/eSalesTrack/Content/Content.ashx?file=27e26dd8-d841-487f-b332-2d5cdd6e49b7.jpg","hybrid work "
"27e6cebf-07e3-4996-ae28-7b76acd00a6d.jpg","http://est05.esalestrack.com/eSalesTrack/Content/Content.ashx?file=27e6cebf-07e3-4996-ae28-7b76acd00a6d.jpg","paperclip above a ruler representing metrics"
"282fe7c0-3da1-44da-bce3-2fdabdccd288.jpg","http://est05.esalestrack.com/eSalesTrack/Content/Content.ashx?file=282fe7c0-3da1-44da-bce3-2fdabdccd288.jpg","HR Transformation's Impact on HR for HR"
"28897e0b-5717-44b4-bad2-69db379bb306.jpg","http://est05.esalestrack.com/eSalesTrack/Content/Content.ashx?file=28897e0b-5717-44b4-bad2-69db379bb306.jpg","diversity "
"2932f8c9-1909-46c5-844e-b3e590389461.jpg","http://est05.esalestrack.com/eSalesTrack/Content/Content.ashx?file=2932f8c9-1909-46c5-844e-b3e590389461.jpg","Developing Core HR Skills in Early Careerr"
"2c34193e-cc3e-45f3-a1ce-a5779b8d5455.jpg","http://est05.esalestrack.com/eSalesTrack/Content/Content.ashx?file=2c34193e-cc3e-45f3-a1ce-a5779b8d5455.jpg","employee engagement quarterly"
"2c6ea5ab-053c-4386-9f4c-aee5510c8014.jpg","http://est05.esalestrack.com/eSalesTrack/Content/Content.ashx?file=2c6ea5ab-053c-4386-9f4c-aee5510c8014.jpg","future of work "
"2c9062ed-2156-436a-858b-00bbfe14d2b3.jpg","http://est05.esalestrack.com/eSalesTrack/Content/Content.ashx?file=2c9062ed-2156-436a-858b-00bbfe14d2b3.jpg","talent management"
"2d4be5a2-8cf1-43e8-9ec4-d42ad2094cd8.jpg","http://est05.esalestrack.com/eSalesTrack/Content/Content.ashx?file=2d4be5a2-8cf1-43e8-9ec4-d42ad2094cd8.jpg","trends"
"2dc2cfb4-e26b-4c39-9274-d555cd118129.jpg","http://est05.esalestrack.com/eSalesTrack/Content/Content.ashx?file=2dc2cfb4-e26b-4c39-9274-d555cd118129.jpg","keys to transforming your HR model"
"2e850b74-e6a1-4304-bd1f-26275c283cbd.jpg","http://est05.esalestrack.com/eSalesTrack/Content/Content.ashx?file=2e850b74-e6a1-4304-bd1f-26275c283cbd.jpg","what level of data and analytics expertise is neede for the HR for HR leader"
"2ed88ab3-16b0-4614-aacb-2523e140d020.jpg","http://est05.esalestrack.com/eSalesTrack/Content/Content.ashx?file=2ed88ab3-16b0-4614-aacb-2523e140d020.jpg","Developing HR Capabilities "
"3023d3ea-3572-4736-8587-e1155061169f.jpg","http://est05.esalestrack.com/eSalesTrack/Content/Content.ashx?file=3023d3ea-3572-4736-8587-e1155061169f.jpg","hybrid work "
"303d1f5a-97f2-4e1d-99cc-9651d8ec0fe9.jpg","http://est05.esalestrack.com/eSalesTrack/Content/Content.ashx?file=303d1f5a-97f2-4e1d-99cc-9651d8ec0fe9.jpg","Future of work "
"303fe1ee-524d-4168-b504-d5288232166b.jpg","http://est05.esalestrack.com/eSalesTrack/Content/Content.ashx?file=303fe1ee-524d-4168-b504-d5288232166b.jpg","learning"
"3115730b-6b82-4127-ac53-a77ec8656f06.jpg","http://est05.esalestrack.com/eSalesTrack/Content/Content.ashx?file=3115730b-6b82-4127-ac53-a77ec8656f06.jpg","Virtual Learning webcast"
"32312cd7-ac69-4e49-a085-35aa4206db1e.jpg","http://est05.esalestrack.com/eSalesTrack/Content/Content.ashx?file=32312cd7-ac69-4e49-a085-35aa4206db1e.jpg","puzzle pieces representing the challenge of identifying talent"
"33df4fea-6030-433d-8fbb-1fd2572f5f82.jpg","http://est05.esalestrack.com/eSalesTrack/Content/Content.ashx?file=33df4fea-6030-433d-8fbb-1fd2572f5f82.jpg","New Competencies and the Future of Work video clip"
"343b6a07-7116-4f82-9619-fca79a58c48b.jpg","http://est05.esalestrack.com/eSalesTrack/Content/Content.ashx?file=343b6a07-7116-4f82-9619-fca79a58c48b.jpg","word cloud with leadership highlighted"
"34519da2-f3de-4615-936f-608edadf2c02.jpg","http://est05.esalestrack.com/eSalesTrack/Content/Content.ashx?file=34519da2-f3de-4615-936f-608edadf2c02.jpg","Mobile Learning Working Group Recap video clip"
"34bec734-c2c8-42e0-8663-a234ef1562f3.jpg","http://est05.esalestrack.com/eSalesTrack/Content/Content.ashx?file=34bec734-c2c8-42e0-8663-a234ef1562f3.jpg","Cornell logo"
"3600f4a5-a441-4087-9079-0cfa098a5335.jpg","http://est05.esalestrack.com/eSalesTrack/Content/Content.ashx?file=3600f4a5-a441-4087-9079-0cfa098a5335.jpg","people around a table with laptops representing a meeting"
"37aa6e45-1d9c-4a5b-b2cc-6e17a0075d47.jpg","http://est05.esalestrack.com/eSalesTrack/Content/Content.ashx?file=37aa6e45-1d9c-4a5b-b2cc-6e17a0075d47.jpg","Artificial Intelligence Explorers  video clip"
"37e09ff5-aa65-4eed-bebc-e8cfb4a9e6ee.jpg","http://est05.esalestrack.com/eSalesTrack/Content/Content.ashx?file=37e09ff5-aa65-4eed-bebc-e8cfb4a9e6ee.jpg","chrysalis next to a butterfly showing transformation"
"3802d6d1-f690-45ac-ae3e-62178f1644b8.jpg","http://est05.esalestrack.com/eSalesTrack/Content/Content.ashx?file=3802d6d1-f690-45ac-ae3e-62178f1644b8.jpg","Onboarding and Training HR Talent"
"380816f4-b3c1-44bf-af87-adece103c6da.jpg","http://est05.esalestrack.com/eSalesTrack/Content/Content.ashx?file=380816f4-b3c1-44bf-af87-adece103c6da.jpg","How are Companies Encouraging Employees to Self-Identify?"
"385f5907-e6a3-4393-ae4b-dc177fcbdc78.jpg","http://est05.esalestrack.com/eSalesTrack/Content/Content.ashx?file=385f5907-e6a3-4393-ae4b-dc177fcbdc78.jpg",""
"3ad8f004-f7bf-46eb-980e-74086719be63.jpg","http://est05.esalestrack.com/eSalesTrack/Content/Content.ashx?file=3ad8f004-f7bf-46eb-980e-74086719be63.jpg","analytics quarterly"
"3ba71b14-6b92-4b51-98d8-75f9a25ba380.jpg","http://est05.esalestrack.com/eSalesTrack/Content/Content.ashx?file=3ba71b14-6b92-4b51-98d8-75f9a25ba380.jpg","employee engagement quarterly"
"3dc64ef3-947b-42da-82f7-b833e4dd6cfa.jpg","http://est05.esalestrack.com/eSalesTrack/Content/Content.ashx?file=3dc64ef3-947b-42da-82f7-b833e4dd6cfa.jpg","hands in a circle coming together"
"3fb477e7-8708-4aeb-b229-d6400771bba6.jpg","http://est05.esalestrack.com/eSalesTrack/Content/Content.ashx?file=3fb477e7-8708-4aeb-b229-d6400771bba6.jpg","What Cultures are Best Suited to Adopting Analytics?"
"401850db-25ba-4fd9-a890-9cf093eafe65.jpg","http://est05.esalestrack.com/eSalesTrack/Content/Content.ashx?file=401850db-25ba-4fd9-a890-9cf093eafe65.jpg","diversity"
"4068ac1e-c38d-4b6a-a724-c1e8308225eb.jpg","http://est05.esalestrack.com/eSalesTrack/Content/Content.ashx?file=4068ac1e-c38d-4b6a-a724-c1e8308225eb.jpg","Talent Management Winter 2021 Quarterly "
"41f078a9-c358-435e-a0e0-ae1a5ea5936e.jpg","http://est05.esalestrack.com/eSalesTrack/Content/Content.ashx?file=41f078a9-c358-435e-a0e0-ae1a5ea5936e.jpg","health and wellness"
"42555008-55eb-48db-964d-cc82a313e5fa.jpg","http://est05.esalestrack.com/eSalesTrack/Content/Content.ashx?file=42555008-55eb-48db-964d-cc82a313e5fa.jpg","employees in a meeting "
"43280f79-3415-40b7-8353-3d5e00c00d99.jpg","http://est05.esalestrack.com/eSalesTrack/Content/Content.ashx?file=43280f79-3415-40b7-8353-3d5e00c00d99.jpg","analytics screen on a phone "
"450538a3-770f-47eb-b140-47509f8741e1.jpg","http://est05.esalestrack.com/eSalesTrack/Content/Content.ashx?file=450538a3-770f-47eb-b140-47509f8741e1.jpg","Devon Proudfoot "
"453ff2aa-bd53-4cb2-9393-25a46d0e5c28.jpg","http://est05.esalestrack.com/eSalesTrack/Content/Content.ashx?file=453ff2aa-bd53-4cb2-9393-25a46d0e5c28.jpg","open office plan with various types of chairs and desk space"
"45bbee17-7d8d-4d2e-8c11-b446a4b3ee5c.jpg","http://est05.esalestrack.com/eSalesTrack/Content/Content.ashx?file=45bbee17-7d8d-4d2e-8c11-b446a4b3ee5c.jpg","Privacy in the Realm of HR"
"45eee398-9ae4-453a-875f-1af89335ff7d.jpg","http://est05.esalestrack.com/eSalesTrack/Content/Content.ashx?file=45eee398-9ae4-453a-875f-1af89335ff7d.jpg","the number five "
"471ee3c9-36a8-4e48-92de-0149a97ad879.jpg","http://est05.esalestrack.com/eSalesTrack/Content/Content.ashx?file=471ee3c9-36a8-4e48-92de-0149a97ad879.jpg","HR Analytics "
"472e4bdf-07e0-4b1a-b075-f13e3a8a9541.jpg","http://est05.esalestrack.com/eSalesTrack/Content/Content.ashx?file=472e4bdf-07e0-4b1a-b075-f13e3a8a9541.jpg","strategy in the office "
"476238c1-5d74-4ea2-b0ab-591a26f8d80e.jpg","http://est05.esalestrack.com/eSalesTrack/Content/Content.ashx?file=476238c1-5d74-4ea2-b0ab-591a26f8d80e.jpg","hybrid work "
"47b50313-0ebf-4d4a-b116-abcb74e9879a.jpg","http://est05.esalestrack.com/eSalesTrack/Content/Content.ashx?file=47b50313-0ebf-4d4a-b116-abcb74e9879a.jpg","money"
"4874fecf-e45f-493e-ae31-205c26a503b4.jpg","http://est05.esalestrack.com/eSalesTrack/Content/Content.ashx?file=4874fecf-e45f-493e-ae31-205c26a503b4.jpg","HR's Role in Strategy"
"48b67332-38c7-4d3e-8437-6ff77d31cf34.jpg","http://est05.esalestrack.com/eSalesTrack/Content/Content.ashx?file=48b67332-38c7-4d3e-8437-6ff77d31cf34.jpg","Concerns Related to the Idea of Employees Choosing not to Return to the Office "
"49083010-180d-49fb-bbd7-7c1ee76a8b05.jpg","http://est05.esalestrack.com/eSalesTrack/Content/Content.ashx?file=49083010-180d-49fb-bbd7-7c1ee76a8b05.jpg","money"
"49a7a6a5-a6b0-4b1c-8db6-f90b47703c6e.jpg","http://est05.esalestrack.com/eSalesTrack/Content/Content.ashx?file=49a7a6a5-a6b0-4b1c-8db6-f90b47703c6e.jpg","Where is Analytics Headed"
"49e1e609-38f1-4da2-bfa2-487114938d7e.jpg","http://est05.esalestrack.com/eSalesTrack/Content/Content.ashx?file=49e1e609-38f1-4da2-bfa2-487114938d7e.jpg","group of team's hands shaking"
"4a0bdf79-fd74-466f-b9f1-a831d28c8291.jpg","http://est05.esalestrack.com/eSalesTrack/Content/Content.ashx?file=4a0bdf79-fd74-466f-b9f1-a831d28c8291.jpg","bringing employees back to the office"
"4b31ee89-277d-43fc-b984-a95aed7979cd.jpg","http://est05.esalestrack.com/eSalesTrack/Content/Content.ashx?file=4b31ee89-277d-43fc-b984-a95aed7979cd.jpg","Preparing for Post Pandemic Work and Workplace "
"4cdc72ef-6564-4109-91d4-3b70f3070c1d.jpg","http://est05.esalestrack.com/eSalesTrack/Content/Content.ashx?file=4cdc72ef-6564-4109-91d4-3b70f3070c1d.jpg","Challenges of Mobile Learning video clip"
"4d85c487-99d2-4652-a3b9-67a7bda40ff3.jpg","http://est05.esalestrack.com/eSalesTrack/Content/Content.ashx?file=4d85c487-99d2-4652-a3b9-67a7bda40ff3.jpg","employee engagement quarterly"
"4f569135-0672-4c93-b1bc-4629df8033f4.jpg","http://est05.esalestrack.com/eSalesTrack/Content/Content.ashx?file=4f569135-0672-4c93-b1bc-4629df8033f4.jpg","productivity during remote work "
"4f6ede5e-ce12-488b-87cc-eba435d65027.jpg","http://est05.esalestrack.com/eSalesTrack/Content/Content.ashx?file=4f6ede5e-ce12-488b-87cc-eba435d65027.jpg","hybrid work "
"501d7cce-794d-428c-8581-c18e36c968d7.jpg","http://est05.esalestrack.com/eSalesTrack/Content/Content.ashx?file=501d7cce-794d-428c-8581-c18e36c968d7.jpg","HR's Role as Trusted Advisor"
"506178e6-81b0-44e3-8638-ac4e709cac1d.jpg","http://est05.esalestrack.com/eSalesTrack/Content/Content.ashx?file=506178e6-81b0-44e3-8638-ac4e709cac1d.jpg","employee engagement quarterly"
"50f971c0-2d91-416b-bda2-a771cb8fddcf.jpg","http://est05.esalestrack.com/eSalesTrack/Content/Content.ashx?file=50f971c0-2d91-416b-bda2-a771cb8fddcf.jpg","chess board"
"51955bb0-fa78-4370-8ea0-927816a6e5d1.jpg","http://est05.esalestrack.com/eSalesTrack/Content/Content.ashx?file=51955bb0-fa78-4370-8ea0-927816a6e5d1.jpg","diversity"
"52c1e666-15f2-4a2f-bf07-301f55adb337.jpg","http://est05.esalestrack.com/eSalesTrack/Content/Content.ashx?file=52c1e666-15f2-4a2f-bf07-301f55adb337.jpg","HR for HR and data and analytics "
"52c1eae6-5802-41f8-ae33-c82caf8e7511.jpg","http://est05.esalestrack.com/eSalesTrack/Content/Content.ashx?file=52c1eae6-5802-41f8-ae33-c82caf8e7511.jpg","Structure of HR for HR "
"54cfd316-d005-46f0-bd87-289f841b88cd.jpg","http://est05.esalestrack.com/eSalesTrack/Content/Content.ashx?file=54cfd316-d005-46f0-bd87-289f841b88cd.jpg","Megatrends That Are Affecting the HR Function webcast"
"5683f029-b547-4652-9352-348b6d137651.jpg","http://est05.esalestrack.com/eSalesTrack/Content/Content.ashx?file=5683f029-b547-4652-9352-348b6d137651.jpg","blindfold"
"589ff85a-f60e-4d7c-8adf-62f4dcf51304.jpg","http://est05.esalestrack.com/eSalesTrack/Content/Content.ashx?file=589ff85a-f60e-4d7c-8adf-62f4dcf51304.jpg",""
"59b867f1-8f27-4f0a-bde5-1c06d135e63f.jpg","http://est05.esalestrack.com/eSalesTrack/Content/Content.ashx?file=59b867f1-8f27-4f0a-bde5-1c06d135e63f.jpg","fall leaves representing change"
"59eabe9c-bda3-4740-b402-6518ed8887ff.jpg","http://est05.esalestrack.com/eSalesTrack/Content/Content.ashx?file=59eabe9c-bda3-4740-b402-6518ed8887ff.jpg","chess board"
"5a097edc-60b3-493a-b879-348c38d00cb1.jpg","http://est05.esalestrack.com/eSalesTrack/Content/Content.ashx?file=5a097edc-60b3-493a-b879-348c38d00cb1.jpg","spiderman reading a book representing developing skills"
"5a91b021-157b-4787-ad2c-f8899f7efdb8.jpg","http://est05.esalestrack.com/eSalesTrack/Content/Content.ashx?file=5a91b021-157b-4787-ad2c-f8899f7efdb8.jpg","image of toy made for user to think about next steps "
"5ae21777-8a8b-4e3f-b751-0f66f29e5d15.jpg","http://est05.esalestrack.com/eSalesTrack/Content/Content.ashx?file=5ae21777-8a8b-4e3f-b751-0f66f29e5d15.jpg","Virtual Learning webcast"
"5bc7fe4e-5374-4ef9-bd5e-fd3950b06246.jpg","http://est05.esalestrack.com/eSalesTrack/Content/Content.ashx?file=5bc7fe4e-5374-4ef9-bd5e-fd3950b06246.jpg","Agility and the Future of Work video clip"
"5c01d1a4-8930-469b-9aac-de569ce98433.jpg","http://est05.esalestrack.com/eSalesTrack/Content/Content.ashx?file=5c01d1a4-8930-469b-9aac-de569ce98433.jpg","rubics cube"
"5cc62b3f-e727-4b9a-8933-0e8c72f1dc05.jpg","http://est05.esalestrack.com/eSalesTrack/Content/Content.ashx?file=5cc62b3f-e727-4b9a-8933-0e8c72f1dc05.jpg","HR Role with Communication Tools"
"5d7cd70b-a3ff-4c96-9834-58ae3889e3c3.jpg","http://est05.esalestrack.com/eSalesTrack/Content/Content.ashx?file=5d7cd70b-a3ff-4c96-9834-58ae3889e3c3.jpg","talent management"
"5e7d49b2-8735-47fb-8d3b-0c9d1d8f6f8b.jpg","http://est05.esalestrack.com/eSalesTrack/Content/Content.ashx?file=5e7d49b2-8735-47fb-8d3b-0c9d1d8f6f8b.jpg","black and white people shaking hands"
"5ea7c2e7-5094-4ab4-9a84-c1a13c9b5cc7.jpg","http://est05.esalestrack.com/eSalesTrack/Content/Content.ashx?file=5ea7c2e7-5094-4ab4-9a84-c1a13c9b5cc7.jpg","HRBP"
"5eeb43bc-134c-4971-a86d-f3b9e97c0b0a.jpg","http://est05.esalestrack.com/eSalesTrack/Content/Content.ashx?file=5eeb43bc-134c-4971-a86d-f3b9e97c0b0a.jpg","return to work "
"6055b8d5-a779-4903-b754-be9359ffbc5b.jpg","http://est05.esalestrack.com/eSalesTrack/Content/Content.ashx?file=6055b8d5-a779-4903-b754-be9359ffbc5b.jpg","person holding cell phone "
"61797b07-8b91-4572-a763-94a0c42bf3df.jpg","http://est05.esalestrack.com/eSalesTrack/Content/Content.ashx?file=61797b07-8b91-4572-a763-94a0c42bf3df.jpg","stick figures representing talent "
"61bc3312-fe4e-410d-bf94-184fa4854ea9.jpg","http://est05.esalestrack.com/eSalesTrack/Content/Content.ashx?file=61bc3312-fe4e-410d-bf94-184fa4854ea9.jpg","How CAHRS Companies Are Investing and Leveraging Analytics"
"61fb10d2-eeee-4906-beef-db1bb3e60d51.jpg","http://est05.esalestrack.com/eSalesTrack/Content/Content.ashx?file=61fb10d2-eeee-4906-beef-db1bb3e60d51.jpg","money"
"625b28d4-81b3-4148-a3e5-0ab54ee2db0f.jpg","http://est05.esalestrack.com/eSalesTrack/Content/Content.ashx?file=625b28d4-81b3-4148-a3e5-0ab54ee2db0f.jpg","Examples of Connections Between HR Analytics and Business Outcomes"
"6275cffa-a25d-4556-8ecb-74a7f51af3e8.jpg","http://est05.esalestrack.com/eSalesTrack/Content/Content.ashx?file=6275cffa-a25d-4556-8ecb-74a7f51af3e8.jpg","person holding cash "
"62a7b7fd-cb04-4b3f-ac0e-512f8229f644.jpg","http://est05.esalestrack.com/eSalesTrack/Content/Content.ashx?file=62a7b7fd-cb04-4b3f-ac0e-512f8229f644.jpg",""
"639d2dc3-90d1-4dfa-962e-f3e424f4c867.jpg","http://est05.esalestrack.com/eSalesTrack/Content/Content.ashx?file=639d2dc3-90d1-4dfa-962e-f3e424f4c867.jpg","Virtual Learning webcast"
"64aaa368-83de-4362-8972-21e7ba501a1b.jpg","http://est05.esalestrack.com/eSalesTrack/Content/Content.ashx?file=64aaa368-83de-4362-8972-21e7ba501a1b.jpg","hands representing diversity"
"67ecb1d1-eb43-4d8b-94ea-420997b67c1b.jpg","http://est05.esalestrack.com/eSalesTrack/Content/Content.ashx?file=67ecb1d1-eb43-4d8b-94ea-420997b67c1b.jpg","Total Rewards"
"681d0e24-83bb-4ed9-95df-2da4407fb76b.jpg","http://est05.esalestrack.com/eSalesTrack/Content/Content.ashx?file=681d0e24-83bb-4ed9-95df-2da4407fb76b.jpg","books representing entrepreneurship"
"689801df-60e5-435a-a7c8-1363f7c17646.jpg","http://est05.esalestrack.com/eSalesTrack/Content/Content.ashx?file=689801df-60e5-435a-a7c8-1363f7c17646.jpg","Multigenerational Mentoring"
"68d5890a-fdaf-4a3b-b3b6-d44175a31eaa.jpg","http://est05.esalestrack.com/eSalesTrack/Content/Content.ashx?file=68d5890a-fdaf-4a3b-b3b6-d44175a31eaa.jpg","diversity"
"69bc679c-d29e-41f3-9be2-5da34d41e3d1.jpg","http://est05.esalestrack.com/eSalesTrack/Content/Content.ashx?file=69bc679c-d29e-41f3-9be2-5da34d41e3d1.jpg","hands in a circle coming together"
"69f7481c-c65e-4c3f-92f0-a8957b0d4461.jpg","http://est05.esalestrack.com/eSalesTrack/Content/Content.ashx?file=69f7481c-c65e-4c3f-92f0-a8957b0d4461.jpg","HRBP"
"69ffcd32-f334-429c-8ec8-f68f35fec716.jpg","http://est05.esalestrack.com/eSalesTrack/Content/Content.ashx?file=69ffcd32-f334-429c-8ec8-f68f35fec716.jpg","Business Leadership for HRBPs"
"6a59f64f-7c72-453f-8044-432834714773.jpg","http://est05.esalestrack.com/eSalesTrack/Content/Content.ashx?file=6a59f64f-7c72-453f-8044-432834714773.jpg","person holding hands out representing opportunity"
"6b2f4cbb-0c45-4d60-b1ff-d83dad3b3297.jpg","http://est05.esalestrack.com/eSalesTrack/Content/Content.ashx?file=6b2f4cbb-0c45-4d60-b1ff-d83dad3b3297.jpg","HR Analytics "
"6b3063d9-d9aa-4339-9582-0a71eef040ad.jpg","http://est05.esalestrack.com/eSalesTrack/Content/Content.ashx?file=6b3063d9-d9aa-4339-9582-0a71eef040ad.jpg","hybrid work "
"6cb5d30f-bdc3-4418-8120-916596d20293.jpg","http://est05.esalestrack.com/eSalesTrack/Content/Content.ashx?file=6cb5d30f-bdc3-4418-8120-916596d20293.jpg","Five Key Areas of Focus for HR for HR"
"6d049030-2297-4fa4-ace7-88b9a76a323a.jpg","http://est05.esalestrack.com/eSalesTrack/Content/Content.ashx?file=6d049030-2297-4fa4-ace7-88b9a76a323a.jpg","woman at computer with pencil in her mouth indicating trying to learn"
"6d20c459-7045-481c-ac30-e7f87adc7312.jpg","http://est05.esalestrack.com/eSalesTrack/Content/Content.ashx?file=6d20c459-7045-481c-ac30-e7f87adc7312.jpg","Are there best practices to ensure diverse recruitment slates?"
"6e87a782-811e-4818-bf6d-820c153d371f.jpg","http://est05.esalestrack.com/eSalesTrack/Content/Content.ashx?file=6e87a782-811e-4818-bf6d-820c153d371f.jpg","talent management"
"6f3a68f7-a7af-4399-b106-0fd49d879388.jpg","http://est05.esalestrack.com/eSalesTrack/Content/Content.ashx?file=6f3a68f7-a7af-4399-b106-0fd49d879388.jpg","Navigating Cultural Fault Lines"
"6fcaa850-7ed5-440c-9945-3882db2d7383.jpg","http://est05.esalestrack.com/eSalesTrack/Content/Content.ashx?file=6fcaa850-7ed5-440c-9945-3882db2d7383.jpg","Strategic HR Transformation and HRBPs"
"7056b50e-4d5a-4666-8efc-9fed9c659e8d.jpg","http://est05.esalestrack.com/eSalesTrack/Content/Content.ashx?file=7056b50e-4d5a-4666-8efc-9fed9c659e8d.jpg","the word change"
"708ad15a-fc50-4178-a285-d7da886179d3.jpg","http://est05.esalestrack.com/eSalesTrack/Content/Content.ashx?file=708ad15a-fc50-4178-a285-d7da886179d3.jpg","diversity"
"711cc784-6ff6-440f-82ca-f573fdb2155a.jpg","http://est05.esalestrack.com/eSalesTrack/Content/Content.ashx?file=711cc784-6ff6-440f-82ca-f573fdb2155a.jpg","HRBP"
"7151949d-9ce2-427d-b853-f499d1b4a5cf.jpg","http://est05.esalestrack.com/eSalesTrack/Content/Content.ashx?file=7151949d-9ce2-427d-b853-f499d1b4a5cf.jpg","Talent Management During the Post-Pandemic Transition"
"71c02df0-83e8-4bd7-ab4d-05f7b9c6dfed.jpg","http://est05.esalestrack.com/eSalesTrack/Content/Content.ashx?file=71c02df0-83e8-4bd7-ab4d-05f7b9c6dfed.jpg","die showing three dots representing three legs of the HR stool "
"723967c7-0e7d-4bbc-8c93-2ffbb08d06ee.jpg","http://est05.esalestrack.com/eSalesTrack/Content/Content.ashx?file=723967c7-0e7d-4bbc-8c93-2ffbb08d06ee.jpg","folder with people in it representing HR"
"728b0045-1d59-4624-9c04-9c8d767ff59c.jpg","http://est05.esalestrack.com/eSalesTrack/Content/Content.ashx?file=728b0045-1d59-4624-9c04-9c8d767ff59c.jpg","diversity"
"7333f4a9-66b4-4823-a4c5-4e76069be739.jpg","http://est05.esalestrack.com/eSalesTrack/Content/Content.ashx?file=7333f4a9-66b4-4823-a4c5-4e76069be739.jpg","fall leaves representing change"
"74631d8b-2d77-4e0b-9bd7-e1ea092ee2a0.jpg","http://est05.esalestrack.com/eSalesTrack/Content/Content.ashx?file=74631d8b-2d77-4e0b-9bd7-e1ea092ee2a0.jpg","Barriers to Employee Participation in Health and Wellness Programs webcast"
"7471b829-2b55-45bb-b4ad-aa7c9b457e5f.jpg","http://est05.esalestrack.com/eSalesTrack/Content/Content.ashx?file=7471b829-2b55-45bb-b4ad-aa7c9b457e5f.jpg","black and white people shaking hands"
"75494903-9857-4dce-9695-29e172d2ade6.jpg","http://est05.esalestrack.com/eSalesTrack/Content/Content.ashx?file=75494903-9857-4dce-9695-29e172d2ade6.jpg","analytics screen on a phone "
"755c0334-21e5-4a43-868c-a3797c6f2a55.jpg","http://est05.esalestrack.com/eSalesTrack/Content/Content.ashx?file=755c0334-21e5-4a43-868c-a3797c6f2a55.jpg","strategy"
"757ca4ef-c40a-4856-a80e-1bd17551882e.jpg","http://est05.esalestrack.com/eSalesTrack/Content/Content.ashx?file=757ca4ef-c40a-4856-a80e-1bd17551882e.jpg","payday on calendar"
"763206cd-3f64-4513-ad22-017e7a594301.jpg","http://est05.esalestrack.com/eSalesTrack/Content/Content.ashx?file=763206cd-3f64-4513-ad22-017e7a594301.jpg","money"
"763b3458-df41-4c7f-8e0c-cb79d24b5fcf.jpg","http://est05.esalestrack.com/eSalesTrack/Content/Content.ashx?file=763b3458-df41-4c7f-8e0c-cb79d24b5fcf.jpg","employee engagement quarterly"
"77332c11-402e-4f36-9e4c-18eb079a368f.jpg","http://est05.esalestrack.com/eSalesTrack/Content/Content.ashx?file=77332c11-402e-4f36-9e4c-18eb079a368f.jpg",""
"7797b105-73c4-4375-aa77-bf86c66fcc78.jpg","http://est05.esalestrack.com/eSalesTrack/Content/Content.ashx?file=7797b105-73c4-4375-aa77-bf86c66fcc78.jpg","Future of work "
"78bf52a9-5f93-4b3b-8c56-a075ef13e6fe.jpg","http://est05.esalestrack.com/eSalesTrack/Content/Content.ashx?file=78bf52a9-5f93-4b3b-8c56-a075ef13e6fe.jpg","Tips on setting and sharing aspirational D&I goals"
"7b599ab5-cf04-45b2-a281-9c7431e79646.jpg","http://est05.esalestrack.com/eSalesTrack/Content/Content.ashx?file=7b599ab5-cf04-45b2-a281-9c7431e79646.jpg","people high fiving"
"7d0640ec-99a6-4122-ab72-dbaaa30d58ed.jpg","http://est05.esalestrack.com/eSalesTrack/Content/Content.ashx?file=7d0640ec-99a6-4122-ab72-dbaaa30d58ed.jpg","person on couch looking at tablet with a cat next to them"
"7d103a11-9026-4535-bffb-2ac38ff75b8e.jpg","http://est05.esalestrack.com/eSalesTrack/Content/Content.ashx?file=7d103a11-9026-4535-bffb-2ac38ff75b8e.jpg","Cornell logo"
"7dafe3dd-a361-4646-b9ff-5df3f1521cb4.jpg","http://est05.esalestrack.com/eSalesTrack/Content/Content.ashx?file=7dafe3dd-a361-4646-b9ff-5df3f1521cb4.jpg","Are There Ways to Proactively Measure Discrimination?"
"7e16c238-44d1-4b8b-b20c-1e33195d13f2.jpg","http://est05.esalestrack.com/eSalesTrack/Content/Content.ashx?file=7e16c238-44d1-4b8b-b20c-1e33195d13f2.jpg","analytics quarterly"
"7e698680-8619-4133-b922-ae8cdcc26855.jpg","http://est05.esalestrack.com/eSalesTrack/Content/Content.ashx?file=7e698680-8619-4133-b922-ae8cdcc26855.jpg","Shifting from Reporting to Drawing Insights from Analytics"
"7e7f97f3-37a1-4d53-bb60-c7009f93ef3b.jpg","http://est05.esalestrack.com/eSalesTrack/Content/Content.ashx?file=7e7f97f3-37a1-4d53-bb60-c7009f93ef3b.jpg","What is the Value and Promise of D&I analytics and what's the current state in companies today?"
"8008379a-7cca-458b-9fd9-29f8f81a0b40.jpg","http://est05.esalestrack.com/eSalesTrack/Content/Content.ashx?file=8008379a-7cca-458b-9fd9-29f8f81a0b40.jpg","Implications for HR Capabilities as a Result of the Year 2020"
"811a3e52-f696-40fb-a920-2f2a8d7caa72.jpg","http://est05.esalestrack.com/eSalesTrack/Content/Content.ashx?file=811a3e52-f696-40fb-a920-2f2a8d7caa72.jpg","learning"
"81206eb2-144d-4307-a447-bed4b364d109.jpg","http://est05.esalestrack.com/eSalesTrack/Content/Content.ashx?file=81206eb2-144d-4307-a447-bed4b364d109.jpg","person holding a mug that reads like a boss"
"81ef78fd-59f8-4c36-893a-9930c098c77b.jpg","http://est05.esalestrack.com/eSalesTrack/Content/Content.ashx?file=81ef78fd-59f8-4c36-893a-9930c098c77b.jpg","bias"
"8217f85c-8a4e-4edd-8096-04c67b319a6f.jpg","http://est05.esalestrack.com/eSalesTrack/Content/Content.ashx?file=8217f85c-8a4e-4edd-8096-04c67b319a6f.jpg","HRBPs and analytics expertise "
"8268ae55-0fde-46c2-a5d3-8bedb35f0507.jpg","http://est05.esalestrack.com/eSalesTrack/Content/Content.ashx?file=8268ae55-0fde-46c2-a5d3-8bedb35f0507.jpg","question mark"
"830b980d-303d-4ebc-9c9d-c3c3be4d2c24.jpg","http://est05.esalestrack.com/eSalesTrack/Content/Content.ashx?file=830b980d-303d-4ebc-9c9d-c3c3be4d2c24.jpg","HR Analytics "
"839ebabd-f346-4c9b-a7da-6b824f253723.jpg","http://est05.esalestrack.com/eSalesTrack/Content/Content.ashx?file=839ebabd-f346-4c9b-a7da-6b824f253723.jpg","HR Analytics "
"8453d821-5a9e-451d-8d8f-1b1c9fbb06e6.jpg","http://est05.esalestrack.com/eSalesTrack/Content/Content.ashx?file=8453d821-5a9e-451d-8d8f-1b1c9fbb06e6.jpg","mind the gap written on the ground representing gaps in learning"
"847f4d2a-a6f6-4daa-aef8-8e2b1673db1d.jpg","http://est05.esalestrack.com/eSalesTrack/Content/Content.ashx?file=847f4d2a-a6f6-4daa-aef8-8e2b1673db1d.jpg","blindfold"
"8498d361-2a98-4ab6-ad22-ab647e67d826.jpg","http://est05.esalestrack.com/eSalesTrack/Content/Content.ashx?file=8498d361-2a98-4ab6-ad22-ab647e67d826.jpg","HR andWork Space Design"
"84a0c56c-716c-43cf-a6c1-2f1274c42cc9.jpg","http://est05.esalestrack.com/eSalesTrack/Content/Content.ashx?file=84a0c56c-716c-43cf-a6c1-2f1274c42cc9.jpg","strategy"
"854e0579-afb4-47ad-abbd-2be1e0a625f5.jpg","http://est05.esalestrack.com/eSalesTrack/Content/Content.ashx?file=854e0579-afb4-47ad-abbd-2be1e0a625f5.jpg","Examples of What Types of Data Should be Collected"
"877f4ae3-a663-4c77-a860-10a3c306e1d0.jpg","http://est05.esalestrack.com/eSalesTrack/Content/Content.ashx?file=877f4ae3-a663-4c77-a860-10a3c306e1d0.jpg","computer screen representing technology"
"889ed889-5028-4fdc-8ff1-c75a04e1a301.jpg","http://est05.esalestrack.com/eSalesTrack/Content/Content.ashx?file=889ed889-5028-4fdc-8ff1-c75a04e1a301.jpg","talent management"
"88d61d23-5271-4b7e-a1b8-f49ad43db847.jpg","http://est05.esalestrack.com/eSalesTrack/Content/Content.ashx?file=88d61d23-5271-4b7e-a1b8-f49ad43db847.jpg","HRBP"
"899c2fa1-7f5a-462e-937a-56a6229ac9e0.jpg","http://est05.esalestrack.com/eSalesTrack/Content/Content.ashx?file=899c2fa1-7f5a-462e-937a-56a6229ac9e0.jpg","strategy"
"89e00efb-5bf7-48c3-8439-9927b69d8925.jpg","http://est05.esalestrack.com/eSalesTrack/Content/Content.ashx?file=89e00efb-5bf7-48c3-8439-9927b69d8925.jpg","the words leadership development"
"8ab7289c-845d-4434-bb29-6bd7db3dfe51.jpg","http://est05.esalestrack.com/eSalesTrack/Content/Content.ashx?file=8ab7289c-845d-4434-bb29-6bd7db3dfe51.jpg","talent management"
"8ac85f79-fe29-48dc-877e-fb2b51a08ab6.jpg","http://est05.esalestrack.com/eSalesTrack/Content/Content.ashx?file=8ac85f79-fe29-48dc-877e-fb2b51a08ab6.jpg","Talent Management During the Post-Pandemic Transition"
"8c815e5b-d5be-4c7f-a4d7-42282612d6ff.jpg","http://est05.esalestrack.com/eSalesTrack/Content/Content.ashx?file=8c815e5b-d5be-4c7f-a4d7-42282612d6ff.jpg","Future of work "
"8e72d10a-beda-4861-b058-1a8131232b46.jpg","http://est05.esalestrack.com/eSalesTrack/Content/Content.ashx?file=8e72d10a-beda-4861-b058-1a8131232b46.jpg","#MeToo Leadership video clip"
"8e8ecabd-1d21-4345-ba7b-4b8a31353b9a.jpg","http://est05.esalestrack.com/eSalesTrack/Content/Content.ashx?file=8e8ecabd-1d21-4345-ba7b-4b8a31353b9a.jpg","architectural building representing foundation"
"903e74ce-f806-4b0d-b977-f80f5a6b9bbf.jpg","http://est05.esalestrack.com/eSalesTrack/Content/Content.ashx?file=903e74ce-f806-4b0d-b977-f80f5a6b9bbf.jpg","talent management"
"9071088b-a402-4493-a29c-4177b9f3af2b.jpg","http://est05.esalestrack.com/eSalesTrack/Content/Content.ashx?file=9071088b-a402-4493-a29c-4177b9f3af2b.jpg","question mark"
"92572683-4d1a-4764-90e5-8529b416163a.jpg","http://est05.esalestrack.com/eSalesTrack/Content/Content.ashx?file=92572683-4d1a-4764-90e5-8529b416163a.jpg","Where should companies just getting started with D&I start?"
"92e0d913-1615-4ba8-acc6-049697b0255f.jpg","http://est05.esalestrack.com/eSalesTrack/Content/Content.ashx?file=92e0d913-1615-4ba8-acc6-049697b0255f.jpg","bias"
"9527cc75-079b-4f25-bf9e-b929ba1c8bd6.jpg","http://est05.esalestrack.com/eSalesTrack/Content/Content.ashx?file=9527cc75-079b-4f25-bf9e-b929ba1c8bd6.jpg","happy employee"
"95ca8eb4-7359-4d8e-90c9-52f0704994d1.jpg","http://est05.esalestrack.com/eSalesTrack/Content/Content.ashx?file=95ca8eb4-7359-4d8e-90c9-52f0704994d1.jpg","a pyramid of round circles with stick figures on it"
"9684b837-3db3-4791-8d09-c9dac0df9c32.jpg","http://est05.esalestrack.com/eSalesTrack/Content/Content.ashx?file=9684b837-3db3-4791-8d09-c9dac0df9c32.jpg","diversity"
"973a30fb-5c8e-4c27-aa2f-6a56d3b9e757.jpg","http://est05.esalestrack.com/eSalesTrack/Content/Content.ashx?file=973a30fb-5c8e-4c27-aa2f-6a56d3b9e757.jpg","HR in Small Businesses"
"97b4fa42-adc6-4497-a597-5958d462c455.jpg","http://est05.esalestrack.com/eSalesTrack/Content/Content.ashx?file=97b4fa42-adc6-4497-a597-5958d462c455.jpg",""
"99894463-6959-40d0-8db4-cf427aed293f.jpg","http://est05.esalestrack.com/eSalesTrack/Content/Content.ashx?file=99894463-6959-40d0-8db4-cf427aed293f.jpg","business people sitting at a table with laptops "
"99d30bd2-b06c-4966-ad42-b578d3264791.jpg","http://est05.esalestrack.com/eSalesTrack/Content/Content.ashx?file=99d30bd2-b06c-4966-ad42-b578d3264791.jpg","Impacts of 2020 on DEI Focus for Companies"
"9a31f0fc-a533-498d-a593-db1ddf37ec9a.jpg","http://est05.esalestrack.com/eSalesTrack/Content/Content.ashx?file=9a31f0fc-a533-498d-a593-db1ddf37ec9a.jpg","employees in a meeting "
"9a44062a-14e9-484f-ac9d-a9847747b5a5.jpg","http://est05.esalestrack.com/eSalesTrack/Content/Content.ashx?file=9a44062a-14e9-484f-ac9d-a9847747b5a5.jpg","money"
"9a8f3c3f-717e-4d3d-9adf-e37f7fc96897.jpg","http://est05.esalestrack.com/eSalesTrack/Content/Content.ashx?file=9a8f3c3f-717e-4d3d-9adf-e37f7fc96897.jpg","employee engagement quarterly"
"9b4e93f2-8ac1-41e6-8de0-1706fcbf21ac.jpg","http://est05.esalestrack.com/eSalesTrack/Content/Content.ashx?file=9b4e93f2-8ac1-41e6-8de0-1706fcbf21ac.jpg","employees in a meeting "
"9c2c7f4b-05c1-4460-8c18-a8e613701337.jpg","http://est05.esalestrack.com/eSalesTrack/Content/Content.ashx?file=9c2c7f4b-05c1-4460-8c18-a8e613701337.jpg","money"
"9c7a8b0b-67a6-487d-ab8d-0bbb9b219c55.jpg","http://est05.esalestrack.com/eSalesTrack/Content/Content.ashx?file=9c7a8b0b-67a6-487d-ab8d-0bbb9b219c55.jpg","strategy"
"9cdb81ab-33d9-4822-addc-3c57b0fdb933.jpg","http://est05.esalestrack.com/eSalesTrack/Content/Content.ashx?file=9cdb81ab-33d9-4822-addc-3c57b0fdb933.jpg","employee strike"
"9d562000-3cfb-4f50-9400-ab741076ab92.jpg","http://est05.esalestrack.com/eSalesTrack/Content/Content.ashx?file=9d562000-3cfb-4f50-9400-ab741076ab92.jpg","talent management"
"9e3865dc-2978-4610-af12-67ec3656aeac.jpg","http://est05.esalestrack.com/eSalesTrack/Content/Content.ashx?file=9e3865dc-2978-4610-af12-67ec3656aeac.jpg","HR Analytics "
"9eafd43f-8d1b-4e2a-8b06-aac30feb671d.jpg","http://est05.esalestrack.com/eSalesTrack/Content/Content.ashx?file=9eafd43f-8d1b-4e2a-8b06-aac30feb671d.jpg","Diversity & Inclusion Analytics "
"9ed5da22-f018-4611-9707-a2aea47c7293.jpg","http://est05.esalestrack.com/eSalesTrack/Content/Content.ashx?file=9ed5da22-f018-4611-9707-a2aea47c7293.jpg","laptop open with globe on it representing learning"
"9f15b53e-e667-4820-8fb9-72fb0c4d22bc.jpg","http://est05.esalestrack.com/eSalesTrack/Content/Content.ashx?file=9f15b53e-e667-4820-8fb9-72fb0c4d22bc.jpg","HR Analytics "
"9fb2fcba-7604-4d14-84d5-e95e7ea7a6bb.jpg","http://est05.esalestrack.com/eSalesTrack/Content/Content.ashx?file=9fb2fcba-7604-4d14-84d5-e95e7ea7a6bb.jpg","people high fiving"
"a04582b3-c300-4789-94b1-a4850949f0ab.jpg","http://est05.esalestrack.com/eSalesTrack/Content/Content.ashx?file=a04582b3-c300-4789-94b1-a4850949f0ab.jpg","The Importance of Developing Personal Networks"
"a05f8d4e-a0a5-438b-a0f9-78de75295364.jpg","http://est05.esalestrack.com/eSalesTrack/Content/Content.ashx?file=a05f8d4e-a0a5-438b-a0f9-78de75295364.jpg","like a boss mug"
"a1ba1f95-db27-4621-93db-04a9ec90d88b.jpg","http://est05.esalestrack.com/eSalesTrack/Content/Content.ashx?file=a1ba1f95-db27-4621-93db-04a9ec90d88b.jpg","well being"
"a1d9dc7c-4b31-4db5-b273-378e7d4c20ca.jpg","http://est05.esalestrack.com/eSalesTrack/Content/Content.ashx?file=a1d9dc7c-4b31-4db5-b273-378e7d4c20ca.jpg","HR Analytics "
"a212b66e-7f34-466f-b6c9-bf640b5d0008.jpg","http://est05.esalestrack.com/eSalesTrack/Content/Content.ashx?file=a212b66e-7f34-466f-b6c9-bf640b5d0008.jpg","the words leadership development"
"a2d37355-3836-4727-9a4f-17a9a7e51d52.jpg","http://est05.esalestrack.com/eSalesTrack/Content/Content.ashx?file=a2d37355-3836-4727-9a4f-17a9a7e51d52.jpg","bias"
"a4565d66-df54-4e8e-8f06-6a5e11424547.jpg","http://est05.esalestrack.com/eSalesTrack/Content/Content.ashx?file=a4565d66-df54-4e8e-8f06-6a5e11424547.jpg","Talent Management During the Post-Pandemic Transition"
"a4a2767e-af4d-4133-950c-5192b1b8ebf5.jpg","http://est05.esalestrack.com/eSalesTrack/Content/Content.ashx?file=a4a2767e-af4d-4133-950c-5192b1b8ebf5.jpg","employee strike"
"a5367929-3975-470e-8c40-c3c53ffd16eb.jpg","http://est05.esalestrack.com/eSalesTrack/Content/Content.ashx?file=a5367929-3975-470e-8c40-c3c53ffd16eb.jpg",""
"a63d684d-c14e-4630-99a9-0efb747ae8ba.jpg","http://est05.esalestrack.com/eSalesTrack/Content/Content.ashx?file=a63d684d-c14e-4630-99a9-0efb747ae8ba.jpg","diverse"
"a666598b-d0b6-4dcc-916c-af6a6c85f653.jpg","http://est05.esalestrack.com/eSalesTrack/Content/Content.ashx?file=a666598b-d0b6-4dcc-916c-af6a6c85f653.jpg","hybrid work "
"a73f748d-e4d6-4aad-9995-9a4ce8b7a0bc.jpg","http://est05.esalestrack.com/eSalesTrack/Content/Content.ashx?file=a73f748d-e4d6-4aad-9995-9a4ce8b7a0bc.jpg","Cultre and Employee Wellness"
"a8aa82f0-705a-44c9-97fa-7ff44956c92d.jpg","http://est05.esalestrack.com/eSalesTrack/Content/Content.ashx?file=a8aa82f0-705a-44c9-97fa-7ff44956c92d.jpg","HR Analytics "
"a9338efa-fce2-41dd-9e31-c501807c1261.jpg","http://est05.esalestrack.com/eSalesTrack/Content/Content.ashx?file=a9338efa-fce2-41dd-9e31-c501807c1261.jpg","Should there be more transparency in sharing D&I metrics publicly?"
"a939b678-7332-4c35-ad10-2ed6ced694d9.jpg","http://est05.esalestrack.com/eSalesTrack/Content/Content.ashx?file=a939b678-7332-4c35-ad10-2ed6ced694d9.jpg","pepole with laptops open"
"a95d59be-9404-43d8-9459-4e3ebef38cc2.jpg","http://est05.esalestrack.com/eSalesTrack/Content/Content.ashx?file=a95d59be-9404-43d8-9459-4e3ebef38cc2.jpg","remote work "
"aa8f5d15-8a19-4e55-983b-36644cd77b9f.jpg","http://est05.esalestrack.com/eSalesTrack/Content/Content.ashx?file=aa8f5d15-8a19-4e55-983b-36644cd77b9f.jpg","pay"
"abc3c720-4b2f-44f0-bbde-8c2e68fe5487.jpg","http://est05.esalestrack.com/eSalesTrack/Content/Content.ashx?file=abc3c720-4b2f-44f0-bbde-8c2e68fe5487.jpg","The Evolution of Workforce Analytics"
"acba7d07-9664-4859-8dd4-4e774839890b.jpg","http://est05.esalestrack.com/eSalesTrack/Content/Content.ashx?file=acba7d07-9664-4859-8dd4-4e774839890b.jpg","Navigating Cultural Fault Lines"
"ae53fcab-e344-4216-b597-ea27f94607fc.jpg","http://est05.esalestrack.com/eSalesTrack/Content/Content.ashx?file=ae53fcab-e344-4216-b597-ea27f94607fc.jpg","Future of work "
"ae677d1c-3659-445c-8ad6-ec726bbd96a8.jpg","http://est05.esalestrack.com/eSalesTrack/Content/Content.ashx?file=ae677d1c-3659-445c-8ad6-ec726bbd96a8.jpg","Future of work "
"b16244cc-364f-4602-bcc3-cf5402f6fa27.jpg","http://est05.esalestrack.com/eSalesTrack/Content/Content.ashx?file=b16244cc-364f-4602-bcc3-cf5402f6fa27.jpg","Future of work "
"b32d90a3-e230-4cbd-af9e-8ed72ffb3f6e.jpg","http://est05.esalestrack.com/eSalesTrack/Content/Content.ashx?file=b32d90a3-e230-4cbd-af9e-8ed72ffb3f6e.jpg","Mobile Learning Content Tips video clip"
"b38922cc-91b5-407b-8a1f-55b707b588b3.jpg","http://est05.esalestrack.com/eSalesTrack/Content/Content.ashx?file=b38922cc-91b5-407b-8a1f-55b707b588b3.jpg","CAHRS Partner Company Boeing's D&I Expert Shares the Company's Strategy for Furthering Equality"
"b468ce19-5917-4c3b-87fb-c1121efb8246.jpg","http://est05.esalestrack.com/eSalesTrack/Content/Content.ashx?file=b468ce19-5917-4c3b-87fb-c1121efb8246.jpg","Future of work "
"b49bc40a-cfa1-4c2e-b190-09ea0559af4e.jpg","http://est05.esalestrack.com/eSalesTrack/Content/Content.ashx?file=b49bc40a-cfa1-4c2e-b190-09ea0559af4e.jpg","people surrounding a computer screen watching a webcast "
"b5b895dc-3f62-4f40-9210-38e9cd864085.jpg","http://est05.esalestrack.com/eSalesTrack/Content/Content.ashx?file=b5b895dc-3f62-4f40-9210-38e9cd864085.jpg",""
"b6ee24b7-d820-4620-bebb-573ca9fa0911.jpg","http://est05.esalestrack.com/eSalesTrack/Content/Content.ashx?file=b6ee24b7-d820-4620-bebb-573ca9fa0911.jpg","talent management"
"b8eee60b-2da6-4596-b411-b8030f610884.jpg","http://est05.esalestrack.com/eSalesTrack/Content/Content.ashx?file=b8eee60b-2da6-4596-b411-b8030f610884.jpg","lightbulb with a blooming plant inside of it"
"baa72464-fb92-4270-8bdb-e89955846eb0.jpg","http://est05.esalestrack.com/eSalesTrack/Content/Content.ashx?file=baa72464-fb92-4270-8bdb-e89955846eb0.jpg","Virtual Learning webcast"
"baae4975-1321-4aed-91b5-ef99a0b4fb01.jpg","http://est05.esalestrack.com/eSalesTrack/Content/Content.ashx?file=baae4975-1321-4aed-91b5-ef99a0b4fb01.jpg","two open computers representing executives "
"bbb05217-e391-4ab0-9518-648c839e6e2b.jpg","http://est05.esalestrack.com/eSalesTrack/Content/Content.ashx?file=bbb05217-e391-4ab0-9518-648c839e6e2b.jpg","hopscotch "
"bbc02e57-2195-4801-ba6b-7e10c2798539.jpg","http://est05.esalestrack.com/eSalesTrack/Content/Content.ashx?file=bbc02e57-2195-4801-ba6b-7e10c2798539.jpg","HR Analytics structure for your company"
"bcae7874-e8f7-4e9f-93d9-5ea4fd3556ca.jpg","http://est05.esalestrack.com/eSalesTrack/Content/Content.ashx?file=bcae7874-e8f7-4e9f-93d9-5ea4fd3556ca.jpg","Future of work "
"bcce3b7e-6fad-49a9-8ff7-0eb290d8a4e7.jpg","http://est05.esalestrack.com/eSalesTrack/Content/Content.ashx?file=bcce3b7e-6fad-49a9-8ff7-0eb290d8a4e7.jpg","Virtual Learning webcast"
"bf61f798-4cc9-49c7-87a2-c5e8ab38963b.jpg","http://est05.esalestrack.com/eSalesTrack/Content/Content.ashx?file=bf61f798-4cc9-49c7-87a2-c5e8ab38963b.jpg","open office plan"
"bfea461c-a2d7-4d72-a362-6f63c4ec1c8e.jpg","http://est05.esalestrack.com/eSalesTrack/Content/Content.ashx?file=bfea461c-a2d7-4d72-a362-6f63c4ec1c8e.jpg","employee strike"
"c0157170-58d1-43e7-875f-63648b68deea.jpg","http://est05.esalestrack.com/eSalesTrack/Content/Content.ashx?file=c0157170-58d1-43e7-875f-63648b68deea.jpg","person with tablet looking at trends"
"c033e9c4-eb55-4578-bea4-f205aef3be1b.jpg","http://est05.esalestrack.com/eSalesTrack/Content/Content.ashx?file=c033e9c4-eb55-4578-bea4-f205aef3be1b.jpg","company culture"
"c0d1c419-4edf-4ac3-b875-65a1df111682.jpg","http://est05.esalestrack.com/eSalesTrack/Content/Content.ashx?file=c0d1c419-4edf-4ac3-b875-65a1df111682.jpg","butterfly and cocoons representing change"
"c0e1d9e1-6d01-448d-adc0-cfcb3192cf96.jpg","http://est05.esalestrack.com/eSalesTrack/Content/Content.ashx?file=c0e1d9e1-6d01-448d-adc0-cfcb3192cf96.jpg","Technology and HR for HR"
"c1cea3e5-0701-4629-abe3-ef76ec90f465.jpg","http://est05.esalestrack.com/eSalesTrack/Content/Content.ashx?file=c1cea3e5-0701-4629-abe3-ef76ec90f465.jpg","Developing HR Capabilities "
"c4d3a037-8519-4a61-9eb0-1563a40c7390.jpg","http://est05.esalestrack.com/eSalesTrack/Content/Content.ashx?file=c4d3a037-8519-4a61-9eb0-1563a40c7390.jpg","#MeToo Training video clip"
"c5949c1b-80ae-477b-ada7-63af83b8488c.jpg","http://est05.esalestrack.com/eSalesTrack/Content/Content.ashx?file=c5949c1b-80ae-477b-ada7-63af83b8488c.jpg","road ahead "
"c5beb624-387e-426d-ad93-7464a0829777.jpg","http://est05.esalestrack.com/eSalesTrack/Content/Content.ashx?file=c5beb624-387e-426d-ad93-7464a0829777.jpg","strategy"
"c6cc488e-97cb-45bf-9c72-672709600823.jpg","http://est05.esalestrack.com/eSalesTrack/Content/Content.ashx?file=c6cc488e-97cb-45bf-9c72-672709600823.jpg","talent management"
"c71c5945-9439-4409-a1e8-2f577bd95e89.jpg","http://est05.esalestrack.com/eSalesTrack/Content/Content.ashx?file=c71c5945-9439-4409-a1e8-2f577bd95e89.jpg","chess figures representing HR strategy"
"c875635d-7457-4742-b3ff-1b140bd152ba.jpg","http://est05.esalestrack.com/eSalesTrack/Content/Content.ashx?file=c875635d-7457-4742-b3ff-1b140bd152ba.jpg","blindfold"
"c956d8fa-4fda-4746-8168-5d408f15313f.jpg","http://est05.esalestrack.com/eSalesTrack/Content/Content.ashx?file=c956d8fa-4fda-4746-8168-5d408f15313f.jpg","laptops open indicating research"
"c9976a17-72a5-4adb-b9e8-2a0869bab398.jpg","http://est05.esalestrack.com/eSalesTrack/Content/Content.ashx?file=c9976a17-72a5-4adb-b9e8-2a0869bab398.jpg","HRBP"
"c9b9308c-b1e8-4af6-93e4-7fa49b274789.jpg","http://est05.esalestrack.com/eSalesTrack/Content/Content.ashx?file=c9b9308c-b1e8-4af6-93e4-7fa49b274789.jpg","pay"
"cc6f5b42-97ac-46b8-82fb-f64b4bd512b7.jpg","http://est05.esalestrack.com/eSalesTrack/Content/Content.ashx?file=cc6f5b42-97ac-46b8-82fb-f64b4bd512b7.jpg","challenges"
"ceb62229-a7fc-41f6-8fa2-85c3cd482402.jpg","http://est05.esalestrack.com/eSalesTrack/Content/Content.ashx?file=ceb62229-a7fc-41f6-8fa2-85c3cd482402.jpg","mug with the words hustle on it"
"cfc360fd-7377-41b2-893f-47062d9fa106.jpg","http://est05.esalestrack.com/eSalesTrack/Content/Content.ashx?file=cfc360fd-7377-41b2-893f-47062d9fa106.jpg","Post-Pandemic Work, Workforce and Workplace"
"cfe3fee9-5d9c-4cda-b40b-3351e47885ee.jpg","http://est05.esalestrack.com/eSalesTrack/Content/Content.ashx?file=cfe3fee9-5d9c-4cda-b40b-3351e47885ee.jpg","HRBP"
"cfec098f-a432-44cc-9423-5844b0bc41de.jpg","http://est05.esalestrack.com/eSalesTrack/Content/Content.ashx?file=cfec098f-a432-44cc-9423-5844b0bc41de.jpg","Introduction of presenters and research"
"d054120d-f3d2-4db2-97be-083c796847d0.jpg","http://est05.esalestrack.com/eSalesTrack/Content/Content.ashx?file=d054120d-f3d2-4db2-97be-083c796847d0.jpg","How do you measure the effectiveness of D&I programs?"
"d1da1298-f697-4a41-b809-edd940698a61.jpg","http://est05.esalestrack.com/eSalesTrack/Content/Content.ashx?file=d1da1298-f697-4a41-b809-edd940698a61.jpg","strategy"
"d356ae79-cd40-4477-a53a-9c82d654c3ed.jpg","http://est05.esalestrack.com/eSalesTrack/Content/Content.ashx?file=d356ae79-cd40-4477-a53a-9c82d654c3ed.jpg","HRBPs and analytics expertise "
"d43af1eb-91b5-4fa6-9b99-3442891a80dd.jpg","http://est05.esalestrack.com/eSalesTrack/Content/Content.ashx?file=d43af1eb-91b5-4fa6-9b99-3442891a80dd.jpg","return to office "
"d4a24861-49b9-4f33-9450-e6fcd69f1b1d.jpg","http://est05.esalestrack.com/eSalesTrack/Content/Content.ashx?file=d4a24861-49b9-4f33-9450-e6fcd69f1b1d.jpg","payday on calendar"
"d525e568-8333-4646-bbba-d5beacd6250e.jpg","http://est05.esalestrack.com/eSalesTrack/Content/Content.ashx?file=d525e568-8333-4646-bbba-d5beacd6250e.jpg","HRBP"
"d7389476-1ae0-4120-9db7-e86972464220.jpg","http://est05.esalestrack.com/eSalesTrack/Content/Content.ashx?file=d7389476-1ae0-4120-9db7-e86972464220.jpg","a pyramid of round circles with stick figures on it"
"d963d1a8-d697-46a8-b9d6-8bcad71f7b26.jpg","http://est05.esalestrack.com/eSalesTrack/Content/Content.ashx?file=d963d1a8-d697-46a8-b9d6-8bcad71f7b26.jpg","money"
"db223a75-da8b-42b5-8e74-db5c5d5221ad.jpg","http://est05.esalestrack.com/eSalesTrack/Content/Content.ashx?file=db223a75-da8b-42b5-8e74-db5c5d5221ad.jpg","HR Transformation"
"db986572-dfea-483d-ba97-e4134b8a1623.jpg","http://est05.esalestrack.com/eSalesTrack/Content/Content.ashx?file=db986572-dfea-483d-ba97-e4134b8a1623.jpg","money"
"dba97578-4465-412a-8657-103d5ad20e0c.jpg","http://est05.esalestrack.com/eSalesTrack/Content/Content.ashx?file=dba97578-4465-412a-8657-103d5ad20e0c.jpg","books representing entrepreneurship"
"dc895306-4738-4586-abaf-3e7adea7e94e.jpg","http://est05.esalestrack.com/eSalesTrack/Content/Content.ashx?file=dc895306-4738-4586-abaf-3e7adea7e94e.jpg","HR Analytics webcast "
"dd5f680c-3f88-4056-9702-801adbc10e6f.jpg","http://est05.esalestrack.com/eSalesTrack/Content/Content.ashx?file=dd5f680c-3f88-4056-9702-801adbc10e6f.jpg","stack of books representing HR development "
"dddf5b8e-daa6-4e77-8118-df5d59318c83.jpg","http://est05.esalestrack.com/eSalesTrack/Content/Content.ashx?file=dddf5b8e-daa6-4e77-8118-df5d59318c83.jpg","diversity"
"e0491a00-dc06-48a9-a85b-2e37046934cb.jpg","http://est05.esalestrack.com/eSalesTrack/Content/Content.ashx?file=e0491a00-dc06-48a9-a85b-2e37046934cb.jpg","trends"
"e249603e-4ae1-45b6-9400-0ae72ce1a115.jpg","http://est05.esalestrack.com/eSalesTrack/Content/Content.ashx?file=e249603e-4ae1-45b6-9400-0ae72ce1a115.jpg",""
"e264dbfa-dee9-4457-974d-867d3bd47eeb.jpg","http://est05.esalestrack.com/eSalesTrack/Content/Content.ashx?file=e264dbfa-dee9-4457-974d-867d3bd47eeb.jpg","person holding a mug that reads 'like a boss'"
"e31181e4-889f-4f2a-88b1-482bc426e33b.jpg","http://est05.esalestrack.com/eSalesTrack/Content/Content.ashx?file=e31181e4-889f-4f2a-88b1-482bc426e33b.jpg","Transformation Within and Beyond HR"
"e4c4352d-953b-4391-bbf9-dc50c3c733cc.jpg","http://est05.esalestrack.com/eSalesTrack/Content/Content.ashx?file=e4c4352d-953b-4391-bbf9-dc50c3c733cc.jpg","box on chair wtih the words think outside the box lit up"
"e551a974-aaba-4ebe-9760-1a6003362c8b.jpg","http://est05.esalestrack.com/eSalesTrack/Content/Content.ashx?file=e551a974-aaba-4ebe-9760-1a6003362c8b.jpg","hopscotch "
"e634e97b-28a2-48ec-95d9-a1c1f78a4fb8.jpg","http://est05.esalestrack.com/eSalesTrack/Content/Content.ashx?file=e634e97b-28a2-48ec-95d9-a1c1f78a4fb8.jpg","trends"
"e6456261-4c4e-49f3-99cd-8406ec3e05d4.jpg","http://est05.esalestrack.com/eSalesTrack/Content/Content.ashx?file=e6456261-4c4e-49f3-99cd-8406ec3e05d4.jpg","talent management"
"e79197ef-9c2b-4443-9edb-493a28250e04.jpg","http://est05.esalestrack.com/eSalesTrack/Content/Content.ashx?file=e79197ef-9c2b-4443-9edb-493a28250e04.jpg","challenges"
"e7f552c3-6675-4030-913f-3165319c9983.jpg","http://est05.esalestrack.com/eSalesTrack/Content/Content.ashx?file=e7f552c3-6675-4030-913f-3165319c9983.jpg","Technology in HR"
"e8382bd1-4d0c-4345-9b2e-baa966337270.jpg","http://est05.esalestrack.com/eSalesTrack/Content/Content.ashx?file=e8382bd1-4d0c-4345-9b2e-baa966337270.jpg","talent"
"e934ce8d-e772-4088-bc4a-d3da15f2dec5.jpg","http://est05.esalestrack.com/eSalesTrack/Content/Content.ashx?file=e934ce8d-e772-4088-bc4a-d3da15f2dec5.jpg","Shoring up Your Weaker Competencies"
"e997b9c3-c63a-4532-b0f0-d200b430900a.jpg","http://est05.esalestrack.com/eSalesTrack/Content/Content.ashx?file=e997b9c3-c63a-4532-b0f0-d200b430900a.jpg","laptop glowing and half open"
"e9b02169-c663-4131-986b-7208507357ed.jpg","http://est05.esalestrack.com/eSalesTrack/Content/Content.ashx?file=e9b02169-c663-4131-986b-7208507357ed.jpg","blindfold"
"ea6d207d-27c3-41d8-b9e3-d2936a02ec3e.jpg","http://est05.esalestrack.com/eSalesTrack/Content/Content.ashx?file=ea6d207d-27c3-41d8-b9e3-d2936a02ec3e.jpg","What is the Value and Promise of D&I analytics and what's the current state in companies today?"
"ead081ef-2d9f-4207-ae21-03feae0dd277.jpg","http://est05.esalestrack.com/eSalesTrack/Content/Content.ashx?file=ead081ef-2d9f-4207-ae21-03feae0dd277.jpg","Examples of Predictive HR Analytics"
"ec29ecd5-c034-48cc-8dbd-247bc48dc2ad.jpg","http://est05.esalestrack.com/eSalesTrack/Content/Content.ashx?file=ec29ecd5-c034-48cc-8dbd-247bc48dc2ad.jpg","diversity"
"ec4893e8-4ca6-49e8-8669-fc68b431e078.jpg","http://est05.esalestrack.com/eSalesTrack/Content/Content.ashx?file=ec4893e8-4ca6-49e8-8669-fc68b431e078.jpg","money"
"eca59238-ec04-48c3-9ea5-d8fdb559ed42.jpg","http://est05.esalestrack.com/eSalesTrack/Content/Content.ashx?file=eca59238-ec04-48c3-9ea5-d8fdb559ed42.jpg","employee engagement quarterly"
"ed059793-d587-4974-9d9c-ebb7867782d7.jpg","http://est05.esalestrack.com/eSalesTrack/Content/Content.ashx?file=ed059793-d587-4974-9d9c-ebb7867782d7.jpg","HR & Organizational Politics "
"ed69527f-a212-4621-a126-c1f1a88b8ac3.jpg","http://est05.esalestrack.com/eSalesTrack/Content/Content.ashx?file=ed69527f-a212-4621-a126-c1f1a88b8ac3.jpg","internships"
"eda158f0-7c98-4ce3-b20e-0fafed39b48e.jpg","http://est05.esalestrack.com/eSalesTrack/Content/Content.ashx?file=eda158f0-7c98-4ce3-b20e-0fafed39b48e.jpg","The Importance of Mental Health for HR Leadership"
"efc3446c-31ef-488a-85b6-05044b4d9c52.jpg","http://est05.esalestrack.com/eSalesTrack/Content/Content.ashx?file=efc3446c-31ef-488a-85b6-05044b4d9c52.jpg","money"
"f01ee3b6-6acf-4ba3-bca5-470d196ae2de.jpg","http://est05.esalestrack.com/eSalesTrack/Content/Content.ashx?file=f01ee3b6-6acf-4ba3-bca5-470d196ae2de.jpg","trends"
"f3692454-fc46-4f1e-99d3-7ef1a666f080.jpg","http://est05.esalestrack.com/eSalesTrack/Content/Content.ashx?file=f3692454-fc46-4f1e-99d3-7ef1a666f080.jpg","How Far Have Companies Progressed in HR Analytics?"
"f3d468b0-4f30-475c-a2fb-7a79e3449923.jpg","http://est05.esalestrack.com/eSalesTrack/Content/Content.ashx?file=f3d468b0-4f30-475c-a2fb-7a79e3449923.jpg","strategy"
"f44fee71-9c4f-41e1-8d67-9faeb290fccd.jpg","http://est05.esalestrack.com/eSalesTrack/Content/Content.ashx?file=f44fee71-9c4f-41e1-8d67-9faeb290fccd.jpg","strategy"
"f47d61ee-1313-4df0-a1cb-7f1220ab6414.jpg","http://est05.esalestrack.com/eSalesTrack/Content/Content.ashx?file=f47d61ee-1313-4df0-a1cb-7f1220ab6414.jpg","benefits"
"f5df67f4-d62d-4d9d-a793-6746ade5b059.jpg","http://est05.esalestrack.com/eSalesTrack/Content/Content.ashx?file=f5df67f4-d62d-4d9d-a793-6746ade5b059.jpg","talent management"
"f6681723-d60d-43d0-8688-6b86c7c0d7d3.jpg","http://est05.esalestrack.com/eSalesTrack/Content/Content.ashx?file=f6681723-d60d-43d0-8688-6b86c7c0d7d3.jpg",""
"f66fa628-cdff-449c-b24c-71d67619426f.jpg","http://est05.esalestrack.com/eSalesTrack/Content/Content.ashx?file=f66fa628-cdff-449c-b24c-71d67619426f.jpg","Future of work "
"f679c40d-eddf-4fb2-8b8e-e5c558ad354c.jpg","http://est05.esalestrack.com/eSalesTrack/Content/Content.ashx?file=f679c40d-eddf-4fb2-8b8e-e5c558ad354c.jpg","Future of work "
"f6bbc7bb-8037-49c1-9a56-b2d0ea6b8da3.jpg","http://est05.esalestrack.com/eSalesTrack/Content/Content.ashx?file=f6bbc7bb-8037-49c1-9a56-b2d0ea6b8da3.jpg","Analytics and the HRBP"
"f6ebdc5f-2368-40be-a321-668d51a7e9f1.jpg","http://est05.esalestrack.com/eSalesTrack/Content/Content.ashx?file=f6ebdc5f-2368-40be-a321-668d51a7e9f1.jpg","Tips for Leaders Post Pandemic"
"f6f1ce35-8b3c-4489-bee4-15e9e88deb4e.jpg","http://est05.esalestrack.com/eSalesTrack/Content/Content.ashx?file=f6f1ce35-8b3c-4489-bee4-15e9e88deb4e.jpg","monkey thinking"
"f755acd5-e3ff-4bce-8e85-0f5a0e9933e5.jpg","http://est05.esalestrack.com/eSalesTrack/Content/Content.ashx?file=f755acd5-e3ff-4bce-8e85-0f5a0e9933e5.jpg","intern"
"f836f181-dcdc-474d-9ab3-a7ac98dc9d5e.jpg","http://est05.esalestrack.com/eSalesTrack/Content/Content.ashx?file=f836f181-dcdc-474d-9ab3-a7ac98dc9d5e.jpg","diversity"
"f9034683-07a5-409a-9607-c4a804b8db82.jpg","http://est05.esalestrack.com/eSalesTrack/Content/Content.ashx?file=f9034683-07a5-409a-9607-c4a804b8db82.jpg","Pros and Cons of Talent Brought into Work on Analytics "
"f9816a45-2bfc-422d-8a4c-b9e46dc9289e.jpg","http://est05.esalestrack.com/eSalesTrack/Content/Content.ashx?file=f9816a45-2bfc-422d-8a4c-b9e46dc9289e.jpg","person holding hands out representing opportunity"
"f9e1a584-b82f-4dac-93f7-d3db6792f918.jpg","http://est05.esalestrack.com/eSalesTrack/Content/Content.ashx?file=f9e1a584-b82f-4dac-93f7-d3db6792f918.jpg","Chris Collins and Brad Bell discussing health and wellness programs"
"fa462575-6dde-4e3f-a3cf-03c0c52ec803.jpg","http://est05.esalestrack.com/eSalesTrack/Content/Content.ashx?file=fa462575-6dde-4e3f-a3cf-03c0c52ec803.jpg","HR Opportunities in the Diversity, Equity & Inclusion Space"
"fab28610-a68b-4b38-906e-23c219d39a6f.jpg","http://est05.esalestrack.com/eSalesTrack/Content/Content.ashx?file=fab28610-a68b-4b38-906e-23c219d39a6f.jpg","strategy"
"fb0eecb4-80c8-456d-ba0d-3988a315976c.jpg","http://est05.esalestrack.com/eSalesTrack/Content/Content.ashx?file=fb0eecb4-80c8-456d-ba0d-3988a315976c.jpg","Challenges with HR Analytics"
"fb1b204d-54c6-464a-acc5-1e6b671597d5.jpg","http://est05.esalestrack.com/eSalesTrack/Content/Content.ashx?file=fb1b204d-54c6-464a-acc5-1e6b671597d5.jpg","Virtual Learning webcast"
"fb39426f-d2d0-479e-9741-83a2c2e77d59.jpg","http://est05.esalestrack.com/eSalesTrack/Content/Content.ashx?file=fb39426f-d2d0-479e-9741-83a2c2e77d59.jpg","employee engagement quarterly"
"fd9fab62-b015-4766-88a8-8aa74f390fa4.jpg","http://est05.esalestrack.com/eSalesTrack/Content/Content.ashx?file=fd9fab62-b015-4766-88a8-8aa74f390fa4.jpg","road ahead "
"fdc7fd80-f69b-4ec9-8b35-f57191b47b77.jpg","http://est05.esalestrack.com/eSalesTrack/Content/Content.ashx?file=fdc7fd80-f69b-4ec9-8b35-f57191b47b77.jpg","talent"
"fe04ba62-a1bf-4b31-b8fd-eed25b48fa28.jpg","http://est05.esalestrack.com/eSalesTrack/Content/Content.ashx?file=fe04ba62-a1bf-4b31-b8fd-eed25b48fa28.jpg","people sitting with notepads on their lap"
"ff705d65-5218-4091-804d-070e30c72ec3.jpg","http://est05.esalestrack.com/eSalesTrack/Content/Content.ashx?file=ff705d65-5218-4091-804d-070e30c72ec3.jpg","shed with the phrase always room to grow painted on it "
"ff9cbeaa-2b3f-4710-9467-bdc25d60d13b.jpg","http://est05.esalestrack.com/eSalesTrack/Content/Content.ashx?file=ff9cbeaa-2b3f-4710-9467-bdc25d60d13b.jpg","employee engagement winter quarterly"
"fff6407e-26a0-405a-b4b7-1246b4c398e2.jpg","http://est05.esalestrack.com/eSalesTrack/Content/Content.ashx?file=fff6407e-26a0-405a-b4b7-1246b4c398e2.jpg","mental health"