pdf_upload,pdf_html_url
"0039179e-495c-47e4-866b-c06059363118.pdf","http://est05.esalestrack.com/eSalesTrack/Content/Content.ashx?file=0039179e-495c-47e4-866b-c06059363118.pdf"
"00481be8-1d94-411e-9570-0b6e160a898d.pdf","http://est05.esalestrack.com/eSalesTrack/Content/Content.ashx?file=00481be8-1d94-411e-9570-0b6e160a898d.pdf"
"01451585-6074-4148-bb2b-31e3344a364f.pdf","https://est05.esalestrack.com/esalestrack/Content/Content.ashx?aid=2181&system_filename=01451585-6074-4148-bb2b-31e3344a364f.pdf"
"01b39add-c68f-494f-af78-f3caefbc562e.pdf","https://est05.esalestrack.com/eSalesTrack/Content/Content.ashx?file=01b39add-c68f-494f-af78-f3caefbc562e.pdf"
"0278fe6f-45ea-439b-8b17-9d066488d2e9.pdf","http://est05.esalestrack.com/eSalesTrack/Content/Content.ashx?file=0278fe6f-45ea-439b-8b17-9d066488d2e9.pdf"
"04dcbdab-b076-4b09-85b2-e91bed054c31.pdf","http://est05.esalestrack.com/eSalesTrack/Content/Content.ashx?file=04dcbdab-b076-4b09-85b2-e91bed054c31.pdf"
"056a7702-0eef-4583-8b91-7cca3217d9af.pdf","http://est05.esalestrack.com/eSalesTrack/Content/Content.ashx?file=056a7702-0eef-4583-8b91-7cca3217d9af.pdf"
"058a4ebc-2ac2-44dc-8d4e-72d9662bcc8a.pdf","http://est05.esalestrack.com/eSalesTrack/Content/Content.ashx?aid=2181&system_filename=058a4ebc-2ac2-44dc-8d4e-72d9662bcc8a.pdf"
"062896a8-1e3e-4a94-bf84-b14835cfcbdb.pdf","https://est05.esalestrack.com/esalestrack/Content/Content.ashx?aid=2181&system_filename=062896a8-1e3e-4a94-bf84-b14835cfcbdb.pdf"
"06907d32-c4a6-47ab-8e50-3caf0d40143b.pdf","http://est05.esalestrack.com/eSalesTrack/Content/Content.ashx?file=06907d32-c4a6-47ab-8e50-3caf0d40143b.pdf"
"0694ec36-c817-4d51-838e-c598b5fb7411.pdf","http://est05.esalestrack.com/eSalesTrack/Content/Content.ashx?file=0694ec36-c817-4d51-838e-c598b5fb7411.pdf"
"07a9d7ac-3c1e-4534-85a5-823d105ae742.pdf","http://est05.esalestrack.com/eSalesTrack/Content/Content.ashx?aid=2181&system_filename=07a9d7ac-3c1e-4534-85a5-823d105ae742.pdf"
"0a1c5a5f-73a2-4f4e-b38e-411d4f755fa0.pdf","http://est05.esalestrack.com/eSalesTrack/Content/Content.ashx?file=0a1c5a5f-73a2-4f4e-b38e-411d4f755fa0.pdf"
"0a56ca8a-dc24-45fb-9006-e88f5abdbb1a.pdf","http://est05.esalestrack.com/eSalesTrack/Content/Content.ashx?file=0a56ca8a-dc24-45fb-9006-e88f5abdbb1a.pdf"
"0add5007-8278-46f8-baaf-8efeafb21826.pdf","http://est05.esalestrack.com/eSalesTrack/Content/Content.ashx?file=0add5007-8278-46f8-baaf-8efeafb21826.pdf"
"0caa7a2f-eb69-4a09-a418-a0a45124b8ef.pdf","http://est05.esalestrack.com/eSalesTrack/Content/Content.ashx?file=0caa7a2f-eb69-4a09-a418-a0a45124b8ef.pdf"
"0cb7b355-aa04-4d8f-b252-82e6ad6dc9d7.pdf","http://est05.esalestrack.com/eSalesTrack/Content/Content.ashx?file=0cb7b355-aa04-4d8f-b252-82e6ad6dc9d7.pdf"
"0da6cff6-9df7-4dbc-b28b-3e04baf227d1.pdf","http://est05.esalestrack.com/eSalesTrack/Content/Content.ashx?file=0da6cff6-9df7-4dbc-b28b-3e04baf227d1.pdf"
"0de7ea82-da54-45e1-aff1-cb54c766d488.pdf","http://est05.esalestrack.com/eSalesTrack/Content/Content.ashx?file=0de7ea82-da54-45e1-aff1-cb54c766d488.pdf"
"0e8370a6-9698-43c7-93fe-4f4cb2c722dd.pdf","http://est05.esalestrack.com/eSalesTrack/Content/Content.ashx?file=0e8370a6-9698-43c7-93fe-4f4cb2c722dd.pdf"
"0e881a26-73a3-4297-a13d-dfce165ec9c9.pdf","http://est05.esalestrack.com/eSalesTrack/Content/Content.ashx?file=0e881a26-73a3-4297-a13d-dfce165ec9c9.pdf"
"0e8bade5-d052-4b56-ab98-63835a149691.pdf","http://est05.esalestrack.com/eSalesTrack/Content/Content.ashx?file=0e8bade5-d052-4b56-ab98-63835a149691.pdf"
"0ec20e26-ba21-41d5-924e-64b2f6e9b3e5.pdf","http://est05.esalestrack.com/eSalesTrack/Content/Content.ashx?file=0ec20e26-ba21-41d5-924e-64b2f6e9b3e5.pdf"
"100439ce-614b-4bec-bfe4-290a531813bf.pdf","https://est05.esalestrack.com/esalestrack/Content/Content.ashx?aid=2181&system_filename=100439ce-614b-4bec-bfe4-290a531813bf.pdf"
"10126ed1-1868-431b-b31b-17687db83f7a.pdf","http://est05.esalestrack.com/eSalesTrack/Content/Content.ashx?file=10126ed1-1868-431b-b31b-17687db83f7a.pdf"
"10bc00fc-d7de-419a-ad91-578f18916ae0.pdf","https://est05.esalestrack.com/eSalesTrack/Content/Content.ashx?aid=2181&system_filename=10bc00fc-d7de-419a-ad91-578f18916ae0.pdf"
"10d4fb1a-5e8e-474a-b1d9-d56abb5ea5a0.pdf","http://est05.esalestrack.com/eSalesTrack/Content/Content.ashx?file=10d4fb1a-5e8e-474a-b1d9-d56abb5ea5a0.pdf"
"1170311d-f402-4889-8d13-048d9d12e52d.pdf","http://est05.esalestrack.com/eSalesTrack/Content/Content.ashx?file=1170311d-f402-4889-8d13-048d9d12e52d.pdf"
"12982d14-b665-46fa-b5ef-f859bfc41cf4.pdf","http://est05.esalestrack.com/eSalesTrack/Content/Content.ashx?file=12982d14-b665-46fa-b5ef-f859bfc41cf4.pdf"
"12e540fe-e61e-4ef5-a5b0-ac64abf263b9.pdf","http://est05.esalestrack.com/eSalesTrack/Content/Content.ashx?file=12e540fe-e61e-4ef5-a5b0-ac64abf263b9.pdf"
"134e6f89-c1ab-40f9-971b-3d1cc56014bf.pdf","http://est05.esalestrack.com/eSalesTrack/Content/Content.ashx?aid=2181&system_filename=134e6f89-c1ab-40f9-971b-3d1cc56014bf.pdf"
"137f0379-7d64-4762-9546-f0e8db16c820.pdf","http://est05.esalestrack.com/eSalesTrack/Content/Content.ashx?file=137f0379-7d64-4762-9546-f0e8db16c820.pdf"
"138f81e7-c9fa-4b6e-a7e5-aeedf98b60a5.pdf","http://est05.esalestrack.com/eSalesTrack/Content/Content.ashx?file=138f81e7-c9fa-4b6e-a7e5-aeedf98b60a5.pdf"
"1413b676-9f45-4581-adcd-b01cede90585.pdf","http://est05.esalestrack.com/eSalesTrack/Content/Content.ashx?aid=2181&system_filename=1413b676-9f45-4581-adcd-b01cede90585.pdf"
"1450b97b-f982-4196-a48b-890e4eafdd7a.pdf","https://est05.esalestrack.com/esalestrack/Content/Content.ashx?aid=2181&system_filename=1450b97b-f982-4196-a48b-890e4eafdd7a.pdf"
"14706c82-521e-44c5-a544-6fde306e927e.pdf","http://est05.esalestrack.com/eSalesTrack/Content/Content.ashx?file=14706c82-521e-44c5-a544-6fde306e927e.pdf"
"14d214e6-5b87-40ca-b8e7-038d840e2abd.pdf","http://est05.esalestrack.com/eSalesTrack/Content/Content.ashx?file=14d214e6-5b87-40ca-b8e7-038d840e2abd.pdf"
"1610508a-16f0-4b06-ac5f-16afb9b338f3.pdf","http://est05.esalestrack.com/eSalesTrack/Content/Content.ashx?file=1610508a-16f0-4b06-ac5f-16afb9b338f3.pdf"
"1772878a-56a0-415a-b64f-003a5639e037.pdf","https://est05.esalestrack.com/esalestrack/Content/Content.ashx?aid=2181&system_filename=1772878a-56a0-415a-b64f-003a5639e037.pdf"
"183c8075-02d7-43af-9e1f-922e82ca00af.pdf","http://est05.esalestrack.com/eSalesTrack/Content/Content.ashx?file=183c8075-02d7-43af-9e1f-922e82ca00af.pdf"
"186ff53a-e32f-4abc-8987-9af05de63a83.pdf","http://est05.esalestrack.com/eSalesTrack/Content/Content.ashx?file=186ff53a-e32f-4abc-8987-9af05de63a83.pdf"
"18b1b985-5ec9-4010-ad8a-8ddc762768dd.pdf","http://est05.esalestrack.com/eSalesTrack/Content/Content.ashx?file=18b1b985-5ec9-4010-ad8a-8ddc762768dd.pdf"
"195019bb-6465-46e8-9153-2551dfcdc30e.pdf","http://est05.esalestrack.com/eSalesTrack/Content/Content.ashx?file=195019bb-6465-46e8-9153-2551dfcdc30e.pdf"
"196bba55-3136-4a0a-bc12-f9e7c7f283d4.pdf","http://est05.esalestrack.com/eSalesTrack/Content/Content.ashx?file=196bba55-3136-4a0a-bc12-f9e7c7f283d4.pdf"
"1b45815f-dd12-4b72-ae9b-71ee382b1afb.pdf","http://est05.esalestrack.com/eSalesTrack/Content/Content.ashx?file=1b45815f-dd12-4b72-ae9b-71ee382b1afb.pdf"
"1b4afab5-de65-4b34-b9ce-6d76d3ff05f6.pdf","http://est05.esalestrack.com/eSalesTrack/Content/Content.ashx?file=1b4afab5-de65-4b34-b9ce-6d76d3ff05f6.pdf"
"1c29154d-8895-438d-b076-0424ac750a0f.pdf","http://est05.esalestrack.com/eSalesTrack/Content/Content.ashx?file=1c29154d-8895-438d-b076-0424ac750a0f.pdf"
"1c884505-e4b0-45c1-8a74-2b50f637a8e0.pdf","http://est05.esalestrack.com/eSalesTrack/Content/Content.ashx?file=1c884505-e4b0-45c1-8a74-2b50f637a8e0.pdf"
"1c8d3c21-db2d-410b-9171-9d605ffc172d.pdf","http://est05.esalestrack.com/eSalesTrack/Content/Content.ashx?aid=2181&system_filename=1c8d3c21-db2d-410b-9171-9d605ffc172d.pdf"
"1cfe4b8c-e336-43fb-9cab-f2bce03d5c91.pdf","http://est05.esalestrack.com/eSalesTrack/Content/Content.ashx?file=1cfe4b8c-e336-43fb-9cab-f2bce03d5c91.pdf"
"1d07f967-11c6-411d-9db3-4148745eafe7.pdf","http://est05.esalestrack.com/eSalesTrack/Content/Content.ashx?file=1d07f967-11c6-411d-9db3-4148745eafe7.pdf"
"1d60192c-3bd1-4963-99a1-d5d746ec8b09.pdf","https://est05.esalestrack.com/esalestrack/Content/Content.ashx?aid=2181&system_filename=1d60192c-3bd1-4963-99a1-d5d746ec8b09.pdf"
"1da68b3c-88fd-49eb-bb21-607f8eaa9e3b.pdf","http://est05.esalestrack.com/eSalesTrack/Content/Content.ashx?file=1da68b3c-88fd-49eb-bb21-607f8eaa9e3b.pdf"
"1f1138f9-2494-406b-8621-4807fa1931a4.pdf","https://est05.esalestrack.com/esalestrack/Content/Content.ashx?aid=2181&system_filename=1f1138f9-2494-406b-8621-4807fa1931a4.pdf"
"1f44395c-e8cf-48c0-9f5e-d23d7e959bcc.pdf","http://est05.esalestrack.com/eSalesTrack/Content/Content.ashx?file=1f44395c-e8cf-48c0-9f5e-d23d7e959bcc.pdf"
"1f8b3833-dde5-4358-83bd-e1ad200162a9.pdf","https://est05.esalestrack.com/esalestrack/Content/Content.ashx?aid=2181&system_filename=1f8b3833-dde5-4358-83bd-e1ad200162a9.pdf"
"2070776c-636e-432d-9bd0-f493f78a1c90.pdf","http://est05.esalestrack.com/eSalesTrack/Content/Content.ashx?file=2070776c-636e-432d-9bd0-f493f78a1c90.pdf"
"20a93594-feb4-4923-8c08-c8339e7f295b.pdf","http://est05.esalestrack.com/eSalesTrack/Content/Content.ashx?file=20a93594-feb4-4923-8c08-c8339e7f295b.pdf"
"21e24a7d-bd41-4392-b6de-9afc695a4cfb.pdf","https://est05.esalestrack.com/eSalesTrack/Content/Content.ashx?aid=2181&system_filename=21e24a7d-bd41-4392-b6de-9afc695a4cfb.pdf"
"2327612f-6f83-434b-bc98-dc926f69e1ee.pdf","https://est05.esalestrack.com/esalestrack/Content/Content.ashx?aid=2181&system_filename=2327612f-6f83-434b-bc98-dc926f69e1ee.pdf"
"234c8e61-dc6e-49b5-b25c-c2171d0209ce.pdf","http://est05.esalestrack.com/eSalesTrack/Content/Content.ashx?file=234c8e61-dc6e-49b5-b25c-c2171d0209ce.pdf"
"25375c69-cb56-453a-a290-8da1c06e5a9f.pdf","http://est05.esalestrack.com/eSalesTrack/Content/Content.ashx?file=25375c69-cb56-453a-a290-8da1c06e5a9f.pdf"
"257b87c0-857f-4986-a964-2084b6b11c90.pdf","http://est05.esalestrack.com/eSalesTrack/Content/Content.ashx?file=257b87c0-857f-4986-a964-2084b6b11c90.pdf"
"270afc2f-56e2-4c2c-bf5a-f08b255e086a.pdf","http://est05.esalestrack.com/eSalesTrack/Content/Content.ashx?file=270afc2f-56e2-4c2c-bf5a-f08b255e086a.pdf"
"277947d0-a8c4-445c-b4a3-b3296e41c263.pdf","http://est05.esalestrack.com/eSalesTrack/Content/Content.ashx?aid=2181&system_filename=277947d0-a8c4-445c-b4a3-b3296e41c263.pdf"
"2792c1ad-afd6-40cb-9c92-9351c87dca80.pdf","http://est05.esalestrack.com/eSalesTrack/Content/Content.ashx?file=2792c1ad-afd6-40cb-9c92-9351c87dca80.pdf"
"2804854e-ee17-47df-9933-2c5dd61d8751.pdf","http://est05.esalestrack.com/eSalesTrack/Content/Content.ashx?file=2804854e-ee17-47df-9933-2c5dd61d8751.pdf"
"28297493-e72d-4d8b-bd8c-e600a35c13e7.pdf","http://est05.esalestrack.com/eSalesTrack/Content/Content.ashx?file=28297493-e72d-4d8b-bd8c-e600a35c13e7.pdf"
"2854994b-14fb-4155-8585-0a9a2a6b7880.pdf","http://est05.esalestrack.com/eSalesTrack/Content/Content.ashx?file=2854994b-14fb-4155-8585-0a9a2a6b7880.pdf"
"28dfb84d-bc3f-422e-82a5-36f72cb060c4.pdf","http://est05.esalestrack.com/eSalesTrack/Content/Content.ashx?file=28dfb84d-bc3f-422e-82a5-36f72cb060c4.pdf"
"2926cb04-cc10-4bc3-be91-26b047874972.pdf","http://est05.esalestrack.com/eSalesTrack/Content/Content.ashx?file=2926cb04-cc10-4bc3-be91-26b047874972.pdf"
"29505ba8-57f6-4754-a3ed-fbd619d7fe11.pdf","http://est05.esalestrack.com/eSalesTrack/Content/Content.ashx?file=29505ba8-57f6-4754-a3ed-fbd619d7fe11.pdf"
"29ba8b13-2941-4527-80c1-06d434bec734.pdf","http://est05.esalestrack.com/eSalesTrack/Content/Content.ashx?file=29ba8b13-2941-4527-80c1-06d434bec734.pdf"
"2a83793a-21e6-4ff7-90bb-bfbebf26e298.pdf","https://est05.esalestrack.com/esalestrack/Content/Content.ashx?aid=2181&system_filename=2a83793a-21e6-4ff7-90bb-bfbebf26e298.pdf"
"2abd2364-6cb5-4a6b-8f63-d3ca3cde7243.pdf","http://est05.esalestrack.com/eSalesTrack/Content/Content.ashx?file=2abd2364-6cb5-4a6b-8f63-d3ca3cde7243.pdf"
"2b3275d1-70ac-4ae0-a24f-5109ea60fe70.pdf","http://est05.esalestrack.com/eSalesTrack/Content/Content.ashx?file=2b3275d1-70ac-4ae0-a24f-5109ea60fe70.pdf"
"2ce12af9-4b9b-4ee7-a41c-310e6d148116.pdf","http://est05.esalestrack.com/eSalesTrack/Content/Content.ashx?file=2ce12af9-4b9b-4ee7-a41c-310e6d148116.pdf"
"2cf2b8a9-9966-4015-b662-647354b8ce45.pdf","http://est05.esalestrack.com/eSalesTrack/Content/Content.ashx?file=2cf2b8a9-9966-4015-b662-647354b8ce45.pdf"
"2d30de03-c9d3-4654-9263-ae622d9cb595.pdf","http://est05.esalestrack.com/eSalesTrack/Content/Content.ashx?file=2d30de03-c9d3-4654-9263-ae622d9cb595.pdf"
"2d6498fa-ed32-4f2c-9c70-c5e1263830f8.pdf","http://est05.esalestrack.com/eSalesTrack/Content/Content.ashx?file=2d6498fa-ed32-4f2c-9c70-c5e1263830f8.pdf"
"2d6b8b63-09f5-46f1-b53f-44a528b0fed6.pdf","https://est05.esalestrack.com/esalestrack/Content/Content.ashx?aid=2181&system_filename=2d6b8b63-09f5-46f1-b53f-44a528b0fed6.pdf"
"2f4710e6-138b-4a3e-b74f-8552ad19a710.pdf","http://est05.esalestrack.com/eSalesTrack/Content/Content.ashx?file=2f4710e6-138b-4a3e-b74f-8552ad19a710.pdf"
"2fb2a91c-302c-4b31-95dd-4d89fed5fa91.pdf","http://est05.esalestrack.com/eSalesTrack/Content/Content.ashx?file=2fb2a91c-302c-4b31-95dd-4d89fed5fa91.pdf"
"3011a52d-3606-400c-89aa-81c96b196356.pdf","http://est05.esalestrack.com/eSalesTrack/Content/Content.ashx?file=3011a52d-3606-400c-89aa-81c96b196356.pdf"
"32562017-d496-4bee-8cab-7560aef6527f.pdf","http://est05.esalestrack.com/eSalesTrack/Content/Content.ashx?file=32562017-d496-4bee-8cab-7560aef6527f.pdf"
"327711c4-7f5d-4b14-bd21-0abb42c29616.pdf","http://est05.esalestrack.com/eSalesTrack/Content/Content.ashx?file=327711c4-7f5d-4b14-bd21-0abb42c29616.pdf"
"338f4961-83a4-417e-b9d4-da09c385381d.pdf","http://est05.esalestrack.com/eSalesTrack/Content/Content.ashx?aid=2181&system_filename=338f4961-83a4-417e-b9d4-da09c385381d.pdf"
"3497c115-45a1-4469-bc3f-c37cdf03fb80.pdf","http://est05.esalestrack.com/eSalesTrack/Content/Content.ashx?file=3497c115-45a1-4469-bc3f-c37cdf03fb80.pdf"
"3574bc28-1b48-4687-8e6f-75ffc8b496cc.pdf","http://est05.esalestrack.com/eSalesTrack/Content/Content.ashx?file=3574bc28-1b48-4687-8e6f-75ffc8b496cc.pdf"
"364c2b1b-a2c0-444f-abdf-43a12e0c20fb.pdf","http://est05.esalestrack.com/eSalesTrack/Content/Content.ashx?file=364c2b1b-a2c0-444f-abdf-43a12e0c20fb.pdf"
"371d902d-9432-48e5-9a3b-71afa5c836ff.pdf","http://est05.esalestrack.com/eSalesTrack/Content/Content.ashx?file=371d902d-9432-48e5-9a3b-71afa5c836ff.pdf"
"37893d3d-cf6d-44bb-97f3-976a118b7ea1.pdf","https://est05.esalestrack.com/esalestrack/Content/Content.ashx?aid=2181&system_filename=37893d3d-cf6d-44bb-97f3-976a118b7ea1.pdf"
"3871f473-01cd-4aa8-82aa-8180d37a7ff6.pdf","http://est05.esalestrack.com/eSalesTrack/Content/Content.ashx?file=3871f473-01cd-4aa8-82aa-8180d37a7ff6.pdf"
"3957829f-0e64-408f-8e96-3dc5fe3a5983.pdf","http://est05.esalestrack.com/eSalesTrack/Content/Content.ashx?file=3957829f-0e64-408f-8e96-3dc5fe3a5983.pdf"
"39751acb-f5b8-4f6c-8f18-365fc057bdb0.pdf","http://est05.esalestrack.com/eSalesTrack/Content/Content.ashx?file=39751acb-f5b8-4f6c-8f18-365fc057bdb0.pdf"
"3a249ac1-b523-4945-9938-79863bae90e9.pdf","http://est05.esalestrack.com/eSalesTrack/Content/Content.ashx?file=3a249ac1-b523-4945-9938-79863bae90e9.pdf"
"3b73ad23-e622-4c53-a61b-78274b75e957.pdf","http://est05.esalestrack.com/eSalesTrack/Content/Content.ashx?file=3b73ad23-e622-4c53-a61b-78274b75e957.pdf"
"3ba88f11-fc32-4424-b841-16acf1586b13.pdf","http://est05.esalestrack.com/eSalesTrack/Content/Content.ashx?file=3ba88f11-fc32-4424-b841-16acf1586b13.pdf"
"3da963f4-397d-49a8-a287-1c9a77c036f3.pdf","http://est05.esalestrack.com/eSalesTrack/Content/Content.ashx?file=3da963f4-397d-49a8-a287-1c9a77c036f3.pdf"
"3dc970d4-ab3b-477a-acc2-f5bca2bb9310.pdf","http://est05.esalestrack.com/eSalesTrack/Content/Content.ashx?file=3dc970d4-ab3b-477a-acc2-f5bca2bb9310.pdf"
"3e307c1a-4164-45d4-8c90-395e7822529f.pdf","http://est05.esalestrack.com/eSalesTrack/Content/Content.ashx?file=3e307c1a-4164-45d4-8c90-395e7822529f.pdf"
"3f4e3f39-c29d-476b-beb9-b92e2a23d0e8.pdf","http://est05.esalestrack.com/eSalesTrack/Content/Content.ashx?file=3f4e3f39-c29d-476b-beb9-b92e2a23d0e8.pdf"
"3f69c41e-632e-4130-8cb6-c9548a5f5ed3.pdf","http://est05.esalestrack.com/eSalesTrack/Content/Content.ashx?file=3f69c41e-632e-4130-8cb6-c9548a5f5ed3.pdf"
"3f83d818-a18a-448b-bf7d-af612e5851da.pdf","http://est05.esalestrack.com/eSalesTrack/Content/Content.ashx?file=3f83d818-a18a-448b-bf7d-af612e5851da.pdf"
"3fb1e16d-aade-4a60-8cc4-dacbf61ab54d.pdf","http://est05.esalestrack.com/eSalesTrack/Content/Content.ashx?file=3fb1e16d-aade-4a60-8cc4-dacbf61ab54d.pdf"
"400f90fb-9da6-425c-8883-69e2dbf0555b.pdf","http://est05.esalestrack.com/eSalesTrack/Content/Content.ashx?file=400f90fb-9da6-425c-8883-69e2dbf0555b.pdf"
"405142e9-e913-4e85-9520-e9a325ede2b5.pdf","http://est05.esalestrack.com/eSalesTrack/Content/Content.ashx?file=405142e9-e913-4e85-9520-e9a325ede2b5.pdf"
"40c4f027-5781-477a-8cdf-37f8ea616e7e.pdf","http://est05.esalestrack.com/eSalesTrack/Content/Content.ashx?file=40c4f027-5781-477a-8cdf-37f8ea616e7e.pdf"
"410bddf0-9c27-4b1a-9834-5f308bd1c237.pdf","http://est05.esalestrack.com/eSalesTrack/Content/Content.ashx?file=410bddf0-9c27-4b1a-9834-5f308bd1c237.pdf"
"4176769d-170b-4067-b07c-8bb4c639a3dc.pdf","https://est05.esalestrack.com/eSalesTrack/Content/Content.ashx?aid=2181&system_filename=4176769d-170b-4067-b07c-8bb4c639a3dc.pdf"
"41e16cbf-be01-43fa-b818-05f21f433ce0.pdf","http://est05.esalestrack.com/eSalesTrack/Content/Content.ashx?file=41e16cbf-be01-43fa-b818-05f21f433ce0.pdf"
"422907bc-abb1-47c2-8a52-a33b0f91f8ce.pdf","http://est05.esalestrack.com/eSalesTrack/Content/Content.ashx?file=422907bc-abb1-47c2-8a52-a33b0f91f8ce.pdf"
"425f591c-8b3d-4103-8f7c-8ada2cccdb58.pdf","http://est05.esalestrack.com/eSalesTrack/Content/Content.ashx?file=425f591c-8b3d-4103-8f7c-8ada2cccdb58.pdf"
"42f0ee7d-7386-46fa-a0a5-c261b7f8336d.pdf","http://est05.esalestrack.com/eSalesTrack/Content/Content.ashx?file=42f0ee7d-7386-46fa-a0a5-c261b7f8336d.pdf"
"42f28f2b-fc5d-4a2a-b743-dd9944140a61.pdf","http://est05.esalestrack.com/eSalesTrack/Content/Content.ashx?file=42f28f2b-fc5d-4a2a-b743-dd9944140a61.pdf"
"43329e55-87e3-421b-823c-31b237967fd2.pdf","http://est05.esalestrack.com/eSalesTrack/Content/Content.ashx?file=43329e55-87e3-421b-823c-31b237967fd2.pdf"
"438a7d15-121b-4ba8-80f3-828278e674c5.pdf","http://est05.esalestrack.com/eSalesTrack/Content/Content.ashx?file=438a7d15-121b-4ba8-80f3-828278e674c5.pdf"
"441d1375-5f78-47e6-8fad-47a1d286c156.pdf","http://est05.esalestrack.com/eSalesTrack/Content/Content.ashx?file=441d1375-5f78-47e6-8fad-47a1d286c156.pdf"
"4477312f-e865-4d45-94c4-9f6ffff979b5.pdf","http://est05.esalestrack.com/eSalesTrack/Content/Content.ashx?file=4477312f-e865-4d45-94c4-9f6ffff979b5.pdf"
"44aa350a-5747-4aed-a3bb-6fb3fe9cae7b.pdf","http://est05.esalestrack.com/eSalesTrack/Content/Content.ashx?file=44aa350a-5747-4aed-a3bb-6fb3fe9cae7b.pdf"
"44ae01e2-b792-4991-8163-8495b819c233.pdf","http://est05.esalestrack.com/eSalesTrack/Content/Content.ashx?file=44ae01e2-b792-4991-8163-8495b819c233.pdf"
"44ba8f73-ab83-4671-875b-3c9c56811954.pdf","http://est05.esalestrack.com/eSalesTrack/Content/Content.ashx?file=44ba8f73-ab83-4671-875b-3c9c56811954.pdf"
"44f6e813-7168-4e76-8310-24880ad34f3a.pdf","http://est05.esalestrack.com/eSalesTrack/Content/Content.ashx?file=44f6e813-7168-4e76-8310-24880ad34f3a.pdf"
"450d9833-184f-41e3-a472-f87511fc2947.pdf","http://est05.esalestrack.com/eSalesTrack/Content/Content.ashx?file=450d9833-184f-41e3-a472-f87511fc2947.pdf"
"4551a87d-e118-4289-8086-6684a3762e9e.pdf","http://est05.esalestrack.com/eSalesTrack/Content/Content.ashx?file=4551a87d-e118-4289-8086-6684a3762e9e.pdf"
"45c39fba-e489-4657-a135-7640a43a6228.pdf","http://est05.esalestrack.com/eSalesTrack/Content/Content.ashx?file=45c39fba-e489-4657-a135-7640a43a6228.pdf"
"460735a1-eec5-4267-ba5d-8d185498c341.pdf","http://est05.esalestrack.com/eSalesTrack/Content/Content.ashx?file=460735a1-eec5-4267-ba5d-8d185498c341.pdf"
"463d4d44-8e37-409f-81f3-626b92f2c042.pdf","http://est05.esalestrack.com/eSalesTrack/Content/Content.ashx?file=463d4d44-8e37-409f-81f3-626b92f2c042.pdf"
"46637452-b89d-4c8f-b6f9-6cabe0893a3b.pdf","http://est05.esalestrack.com/eSalesTrack/Content/Content.ashx?file=46637452-b89d-4c8f-b6f9-6cabe0893a3b.pdf"
"4690dad3-a862-4e50-bbbc-b8f52cf0c288.pdf","http://est05.esalestrack.com/eSalesTrack/Content/Content.ashx?file=4690dad3-a862-4e50-bbbc-b8f52cf0c288.pdf"
"4726dae7-7275-43dd-88b4-74b3c9a0bd79.pdf","http://est05.esalestrack.com/eSalesTrack/Content/Content.ashx?file=4726dae7-7275-43dd-88b4-74b3c9a0bd79.pdf"
"49761c12-1ce2-4fc0-831e-18ed27658a57.pdf","https://est05.esalestrack.com/esalestrack/Content/Content.ashx?aid=2181&system_filename=49761c12-1ce2-4fc0-831e-18ed27658a57.pdf"
"499448b7-5043-49ff-be36-7c3e597df062.pdf","http://est05.esalestrack.com/eSalesTrack/Content/Content.ashx?file=499448b7-5043-49ff-be36-7c3e597df062.pdf"
"4a475ab6-7186-434d-935a-4d211068c03b.pdf","http://est05.esalestrack.com/eSalesTrack/Content/Content.ashx?file=4a475ab6-7186-434d-935a-4d211068c03b.pdf"
"4a84eb30-4b70-454c-bc0c-cd85d72efe80.pdf","http://est05.esalestrack.com/eSalesTrack/Content/Content.ashx?file=4a84eb30-4b70-454c-bc0c-cd85d72efe80.pdf"
"4ad5c1a5-97ec-440e-b269-f259dee2030b.pdf","http://est05.esalestrack.com/eSalesTrack/Content/Content.ashx?file=4ad5c1a5-97ec-440e-b269-f259dee2030b.pdf"
"4b17c345-857f-42bd-b84b-4762ea190d0a.pdf","http://est05.esalestrack.com/eSalesTrack/Content/Content.ashx?file=4b17c345-857f-42bd-b84b-4762ea190d0a.pdf"
"4b810c8f-65c5-4083-8a58-edca15854c4e.pdf","http://est05.esalestrack.com/eSalesTrack/Content/Content.ashx?file=4b810c8f-65c5-4083-8a58-edca15854c4e.pdf"
"4c1d4d4e-4dca-42bc-ab33-07aecc3df585.pdf","http://est05.esalestrack.com/eSalesTrack/Content/Content.ashx?file=4c1d4d4e-4dca-42bc-ab33-07aecc3df585.pdf"
"4c2f533a-d433-44e5-a007-e24b7935ec15.pdf","http://est05.esalestrack.com/eSalesTrack/Content/Content.ashx?file=4c2f533a-d433-44e5-a007-e24b7935ec15.pdf"
"4c839f74-7326-4b0e-93fc-060b92c97b49.pdf","http://est05.esalestrack.com/eSalesTrack/Content/Content.ashx?file=4c839f74-7326-4b0e-93fc-060b92c97b49.pdf"
"4c8cc81b-2a39-460d-ab3f-6feafe41c6f5.pdf","http://est05.esalestrack.com/eSalesTrack/Content/Content.ashx?file=4c8cc81b-2a39-460d-ab3f-6feafe41c6f5.pdf"
"4e4deaf0-836b-4d29-a4ae-91e40f0cc24a.pdf","http://est05.esalestrack.com/eSalesTrack/Content/Content.ashx?file=4e4deaf0-836b-4d29-a4ae-91e40f0cc24a.pdf"
"4e8ba4fa-e658-481e-a1c6-811aa4e7dff4.pdf","https://est05.esalestrack.com/esalestrack/Content/Content.ashx?aid=2181&system_filename=4e8ba4fa-e658-481e-a1c6-811aa4e7dff4.pdf"
"4edb7c34-aa7c-4ae2-b116-57901447a6e1.pdf","http://est05.esalestrack.com/eSalesTrack/Content/Content.ashx?aid=2181&system_filename=4edb7c34-aa7c-4ae2-b116-57901447a6e1.pdf"
"4ef32490-02cb-48f2-88ac-549f738d6530.pdf","http://est05.esalestrack.com/eSalesTrack/Content/Content.ashx?file=4ef32490-02cb-48f2-88ac-549f738d6530.pdf"
"4f2192cc-e3b8-49af-bfa4-7513033ee907.pdf","http://est05.esalestrack.com/eSalesTrack/Content/Content.ashx?file=4f2192cc-e3b8-49af-bfa4-7513033ee907.pdf"
"4f623cb1-31ce-402d-90f3-90785b70215d.pdf","http://est05.esalestrack.com/eSalesTrack/Content/Content.ashx?file=4f623cb1-31ce-402d-90f3-90785b70215d.pdf"
"4fe5d05a-a189-48ad-a36a-fe46797357fd.pdf","http://est05.esalestrack.com/eSalesTrack/Content/Content.ashx?file=4fe5d05a-a189-48ad-a36a-fe46797357fd.pdf"
"50e2083a-8a7c-439f-a0ee-45e683d3bb81.pdf","http://est05.esalestrack.com/eSalesTrack/Content/Content.ashx?file=50e2083a-8a7c-439f-a0ee-45e683d3bb81.pdf"
"51af8b6f-e326-41c0-b719-460edf49d240.pdf","http://est05.esalestrack.com/eSalesTrack/Content/Content.ashx?file=51af8b6f-e326-41c0-b719-460edf49d240.pdf"
"51d30289-9eea-47cd-b6da-7cc46cc15946.pdf","http://est05.esalestrack.com/eSalesTrack/Content/Content.ashx?file=51d30289-9eea-47cd-b6da-7cc46cc15946.pdf"
"525bda9c-f83c-4450-b048-7b3e0373f02b.pdf","http://est05.esalestrack.com/eSalesTrack/Content/Content.ashx?file=525bda9c-f83c-4450-b048-7b3e0373f02b.pdf"
"5261ea40-1fe9-4e2e-9ff6-bf53359f86a4.pdf","http://est05.esalestrack.com/eSalesTrack/Content/Content.ashx?file=5261ea40-1fe9-4e2e-9ff6-bf53359f86a4.pdf"
"52e01e40-0b14-4a48-8e37-1cd6f847fb99.pdf","http://est05.esalestrack.com/eSalesTrack/Content/Content.ashx?file=52e01e40-0b14-4a48-8e37-1cd6f847fb99.pdf"
"53cddb09-d8b2-4d60-a889-d74333ede6dd.pdf","http://est05.esalestrack.com/eSalesTrack/Content/Content.ashx?file=53cddb09-d8b2-4d60-a889-d74333ede6dd.pdf"
"54f9455b-fa1e-4c13-aa26-a3742c25fcbb.pdf","http://est05.esalestrack.com/eSalesTrack/Content/Content.ashx?file=54f9455b-fa1e-4c13-aa26-a3742c25fcbb.pdf"
"5524f9a9-9b94-4cb2-af02-67e7865bc134.pdf","http://est05.esalestrack.com/eSalesTrack/Content/Content.ashx?aid=2181&system_filename=5524f9a9-9b94-4cb2-af02-67e7865bc134.pdf"
"56008668-540f-448b-88dc-372becaf4dbe.pdf","http://est05.esalestrack.com/eSalesTrack/Content/Content.ashx?file=56008668-540f-448b-88dc-372becaf4dbe.pdf"
"56df1f46-0fce-4471-8e49-db26090a2c43.pdf","http://est05.esalestrack.com/eSalesTrack/Content/Content.ashx?file=56df1f46-0fce-4471-8e49-db26090a2c43.pdf"
"57329678-8094-4d86-9dcf-c5b3b02dab74.pdf","http://est05.esalestrack.com/eSalesTrack/Content/Content.ashx?file=57329678-8094-4d86-9dcf-c5b3b02dab74.pdf"
"57843af1-d4a8-4e3d-86dd-be009e1dded7.pdf","http://est05.esalestrack.com/eSalesTrack/Content/Content.ashx?file=57843af1-d4a8-4e3d-86dd-be009e1dded7.pdf"
"57acd2fc-35d4-43f2-91c0-be49b6777085.pdf","http://est05.esalestrack.com/eSalesTrack/Content/Content.ashx?file=57acd2fc-35d4-43f2-91c0-be49b6777085.pdf"
"586f13a1-cbc4-4aad-a7cb-f9a787e809e9.pdf","http://est05.esalestrack.com/eSalesTrack/Content/Content.ashx?file=586f13a1-cbc4-4aad-a7cb-f9a787e809e9.pdf"
"58841b9b-686f-4ba3-86e9-674cc6e959f4.pdf","http://est05.esalestrack.com/eSalesTrack/Content/Content.ashx?file=58841b9b-686f-4ba3-86e9-674cc6e959f4.pdf"
"58d06e8c-1d7a-4e70-acfe-4113ffd42462.pdf","http://est05.esalestrack.com/eSalesTrack/Content/Content.ashx?file=58d06e8c-1d7a-4e70-acfe-4113ffd42462.pdf"
"59bccdf2-5aa3-4721-9c27-a29dfc427779.pdf","http://est05.esalestrack.com/eSalesTrack/Content/Content.ashx?file=59bccdf2-5aa3-4721-9c27-a29dfc427779.pdf"
"59caa648-6278-4a9e-90ca-13c5a1bcc446.pdf","http://est05.esalestrack.com/eSalesTrack/Content/Content.ashx?file=59caa648-6278-4a9e-90ca-13c5a1bcc446.pdf"
"5bb7dfde-bec8-4a7e-81ed-f2e30cb6d25c.pdf","https://est05.esalestrack.com/esalestrack/Content/Content.ashx?aid=2181&system_filename=5bb7dfde-bec8-4a7e-81ed-f2e30cb6d25c.pdf"
"5c4d5433-3575-482f-84e5-382cada4e20b.pdf","http://est05.esalestrack.com/eSalesTrack/Content/Content.ashx?aid=2181&system_filename=5c4d5433-3575-482f-84e5-382cada4e20b.pdf"
"5c932944-4b59-42c3-9672-fa4c0d46c3d0.pdf","http://est05.esalestrack.com/eSalesTrack/Content/Content.ashx?file=5c932944-4b59-42c3-9672-fa4c0d46c3d0.pdf"
"5d28e6a5-05e8-4777-a387-94e8a7255ef6.pdf","http://est05.esalestrack.com/eSalesTrack/Content/Content.ashx?file=5d28e6a5-05e8-4777-a387-94e8a7255ef6.pdf"
"5dba6557-344d-4d7f-ad93-f2f67573bfff.pdf","http://est05.esalestrack.com/eSalesTrack/Content/Content.ashx?file=5dba6557-344d-4d7f-ad93-f2f67573bfff.pdf"
"5e7b3ae0-0287-4d85-9986-45cc622df218.pdf","https://est05.esalestrack.com/eSalesTrack/Content/Content.ashx?aid=2181&system_filename=5e7b3ae0-0287-4d85-9986-45cc622df218.pdf"
"5ff6d0c4-99a9-4e49-831f-56392131189c.pdf","http://est05.esalestrack.com/eSalesTrack/Content/Content.ashx?file=5ff6d0c4-99a9-4e49-831f-56392131189c.pdf"
"60f3f53c-6330-41e6-8d5f-ebc96a06e23b.pdf","http://est05.esalestrack.com/eSalesTrack/Content/Content.ashx?file=60f3f53c-6330-41e6-8d5f-ebc96a06e23b.pdf"
"616c17c2-8c9e-43b9-9fee-db14f7828604.pdf","http://est05.esalestrack.com/eSalesTrack/Content/Content.ashx?file=616c17c2-8c9e-43b9-9fee-db14f7828604.pdf"
"62e364c8-43f8-4557-910b-97bf5cbee68d.pdf","https://est05.esalestrack.com/eSalesTrack/Content/Content.ashx?aid=2181&system_filename=62e364c8-43f8-4557-910b-97bf5cbee68d.pdf"
"631aaf79-b2ff-4f65-8a8f-78d88103506f.pdf","http://est05.esalestrack.com/eSalesTrack/Content/Content.ashx?file=631aaf79-b2ff-4f65-8a8f-78d88103506f.pdf"
"643dac25-ae2f-4e80-9bf2-c85bb72f22ae.pdf","http://est05.esalestrack.com/eSalesTrack/Content/Content.ashx?file=643dac25-ae2f-4e80-9bf2-c85bb72f22ae.pdf"
"6570f2f1-5a77-4443-b841-d00da57fabbb.pdf","http://est05.esalestrack.com/eSalesTrack/Content/Content.ashx?file=6570f2f1-5a77-4443-b841-d00da57fabbb.pdf"
"66dec9d6-bfc4-4360-a542-3db9865fe20e.pdf","http://est05.esalestrack.com/eSalesTrack/Content/Content.ashx?aid=2181&system_filename=66dec9d6-bfc4-4360-a542-3db9865fe20e.pdf"
"6716c597-d7bb-404e-8a42-d9f26ca3a44c.pdf","http://est05.esalestrack.com/eSalesTrack/Content/Content.ashx?file=6716c597-d7bb-404e-8a42-d9f26ca3a44c.pdf"
"67f67ef9-2591-4fca-90b7-266202e0fb59.pdf","http://est05.esalestrack.com/eSalesTrack/Content/Content.ashx?file=67f67ef9-2591-4fca-90b7-266202e0fb59.pdf"
"69200abd-07e7-48b5-ae27-a74e46ed2902.pdf","http://est05.esalestrack.com/eSalesTrack/Content/Content.ashx?aid=2181&system_filename=69200abd-07e7-48b5-ae27-a74e46ed2902.pdf"
"6983cebc-f047-40cf-8a27-57fb3dff210f.pdf","http://est05.esalestrack.com/eSalesTrack/Content/Content.ashx?file=6983cebc-f047-40cf-8a27-57fb3dff210f.pdf"
"69a320bd-808b-448c-b65d-8ac0759ad4a6.pdf","http://est05.esalestrack.com/eSalesTrack/Content/Content.ashx?file=69a320bd-808b-448c-b65d-8ac0759ad4a6.pdf"
"6a69b65d-fe60-45ae-bb5a-2cb6e7a51d64.pdf","http://est05.esalestrack.com/eSalesTrack/Content/Content.ashx?file=6a69b65d-fe60-45ae-bb5a-2cb6e7a51d64.pdf"
"6abbeeb5-c154-4626-b3dc-ecb2a5c9dcd5.pdf","http://est05.esalestrack.com/eSalesTrack/Content/Content.ashx?file=6abbeeb5-c154-4626-b3dc-ecb2a5c9dcd5.pdf"
"6abe0c11-862f-4141-b521-40352a50ae51.pdf","http://est05.esalestrack.com/eSalesTrack/Content/Content.ashx?file=6abe0c11-862f-4141-b521-40352a50ae51.pdf"
"6ad40b51-8494-4963-909b-e69eed13902c.pdf","http://est05.esalestrack.com/eSalesTrack/Content/Content.ashx?file=6ad40b51-8494-4963-909b-e69eed13902c.pdf"
"6b11ae75-87c7-4ce0-82b3-71a6469befbe.pdf","http://est05.esalestrack.com/eSalesTrack/Content/Content.ashx?file=6b11ae75-87c7-4ce0-82b3-71a6469befbe.pdf"
"6b1481b3-3db9-4112-9140-6789cb695d30.pdf","http://est05.esalestrack.com/eSalesTrack/Content/Content.ashx?file=6b1481b3-3db9-4112-9140-6789cb695d30.pdf"
"6b3da373-a52e-446f-8b16-2b50a8ee5882.pdf","http://est05.esalestrack.com/eSalesTrack/Content/Content.ashx?file=6b3da373-a52e-446f-8b16-2b50a8ee5882.pdf"
"6b6cfba5-cae0-4077-8bd0-11d77b7f0ccc.pdf","http://est05.esalestrack.com/eSalesTrack/Content/Content.ashx?file=6b6cfba5-cae0-4077-8bd0-11d77b7f0ccc.pdf"
"6bf25145-1a38-4d08-aa91-d440579bfb6d.pdf","http://est05.esalestrack.com/eSalesTrack/Content/Content.ashx?aid=2181&system_filename=6bf25145-1a38-4d08-aa91-d440579bfb6d.pdf"
"6c277807-cf0f-4705-b556-b3ded06d743b.pdf","http://est05.esalestrack.com/eSalesTrack/Content/Content.ashx?file=6c277807-cf0f-4705-b556-b3ded06d743b.pdf"
"6cda3542-a568-492d-aeda-3f6149eb8ae5.pdf","http://est05.esalestrack.com/eSalesTrack/Content/Content.ashx?file=6cda3542-a568-492d-aeda-3f6149eb8ae5.pdf"
"6d00c928-3bab-4b7e-aced-c733eca4e545.pdf","http://est05.esalestrack.com/eSalesTrack/Content/Content.ashx?file=6d00c928-3bab-4b7e-aced-c733eca4e545.pdf"
"6d08ae94-a40f-439c-8ca3-aed5a391770b.pdf","https://est05.esalestrack.com/esalestrack/Content/Content.ashx?aid=2181&system_filename=6d08ae94-a40f-439c-8ca3-aed5a391770b.pdf"
"6da2e223-1267-4958-8e78-7f13d314b323.pdf","http://est05.esalestrack.com/eSalesTrack/Content/Content.ashx?aid=2181&system_filename=6da2e223-1267-4958-8e78-7f13d314b323.pdf"
"6dac72ab-eb64-4e13-8a82-39761bfc454e.pdf","http://est05.esalestrack.com/eSalesTrack/Content/Content.ashx?file=6dac72ab-eb64-4e13-8a82-39761bfc454e.pdf"
"6dd8bc55-b356-4d0a-a566-c44aa26fdefb.pdf","http://est05.esalestrack.com/eSalesTrack/Content/Content.ashx?file=6dd8bc55-b356-4d0a-a566-c44aa26fdefb.pdf"
"6de9a987-382b-4197-9f52-727c5d7f93c3.pdf","https://est05.esalestrack.com/esalestrack/Content/Content.ashx?aid=2181&system_filename=6de9a987-382b-4197-9f52-727c5d7f93c3.pdf"
"6e48e349-55a2-449f-a6c7-3138aed15b3c.pdf","http://est05.esalestrack.com/eSalesTrack/Content/Content.ashx?aid=2181&system_filename=6e48e349-55a2-449f-a6c7-3138aed15b3c.pdf"
"6ebd7abf-ae37-4555-b8c0-3f48cd748ce2.pdf","http://est05.esalestrack.com/eSalesTrack/Content/Content.ashx?file=6ebd7abf-ae37-4555-b8c0-3f48cd748ce2.pdf"
"6fa16a6a-4e95-4635-a7f1-1f3811d3b078.pdf","http://est05.esalestrack.com/eSalesTrack/Content/Content.ashx?file=6fa16a6a-4e95-4635-a7f1-1f3811d3b078.pdf"
"701d75ed-bbfe-4195-8b33-3b10279f0f7d.pdf","http://est05.esalestrack.com/eSalesTrack/Content/Content.ashx?file=701d75ed-bbfe-4195-8b33-3b10279f0f7d.pdf"
"7033c65a-6791-45ca-92ca-412659bece5d.pdf","http://est05.esalestrack.com/eSalesTrack/Content/Content.ashx?file=7033c65a-6791-45ca-92ca-412659bece5d.pdf"
"7190927a-394e-4e30-960d-edf3bac93b46.pdf","http://est05.esalestrack.com/eSalesTrack/Content/Content.ashx?file=7190927a-394e-4e30-960d-edf3bac93b46.pdf"
"74535d8e-4ef5-4839-8ef1-316e237903e7.pdf","http://est05.esalestrack.com/eSalesTrack/Content/Content.ashx?file=74535d8e-4ef5-4839-8ef1-316e237903e7.pdf"
"74b5cb1e-2c2e-445e-8711-7d1fd6275150.pdf","http://est05.esalestrack.com/eSalesTrack/Content/Content.ashx?file=74b5cb1e-2c2e-445e-8711-7d1fd6275150.pdf"
"755523ce-176b-41d9-8ac6-269cd09409d0.pdf","http://est05.esalestrack.com/eSalesTrack/Content/Content.ashx?file=755523ce-176b-41d9-8ac6-269cd09409d0.pdf"
"75db6e6c-4e3e-4a20-909d-c939bdeaea5a.pdf","http://est05.esalestrack.com/eSalesTrack/Content/Content.ashx?file=75db6e6c-4e3e-4a20-909d-c939bdeaea5a.pdf"
"7748c4be-2ac9-46a1-9647-be242c4014ad.pdf","http://est05.esalestrack.com/eSalesTrack/Content/Content.ashx?file=7748c4be-2ac9-46a1-9647-be242c4014ad.pdf"
"77532ab8-ec26-4cdb-a151-45b0d687e394.pdf","http://est05.esalestrack.com/eSalesTrack/Content/Content.ashx?file=77532ab8-ec26-4cdb-a151-45b0d687e394.pdf"
"77a5a415-3bd1-4437-a83e-bb06bc75a1ac.pdf","http://est05.esalestrack.com/eSalesTrack/Content/Content.ashx?file=77a5a415-3bd1-4437-a83e-bb06bc75a1ac.pdf"
"785f4657-e0d9-4b0e-8af0-3a8826751f78.pdf","http://est05.esalestrack.com/eSalesTrack/Content/Content.ashx?file=785f4657-e0d9-4b0e-8af0-3a8826751f78.pdf"
"79710309-3570-4b5a-9bef-a8c6d1f502be.pdf","http://est05.esalestrack.com/eSalesTrack/Content/Content.ashx?file=79710309-3570-4b5a-9bef-a8c6d1f502be.pdf"
"79d46901-4079-4af0-af3e-4198b91f6cdf.pdf","https://est05.esalestrack.com/eSalesTrack/Content/Content.ashx?aid=2181&system_filename=79d46901-4079-4af0-af3e-4198b91f6cdf.pdf"
"7a307dbe-6cc3-419a-bf82-a0363f8ee232.pdf","http://est05.esalestrack.com/eSalesTrack/Content/Content.ashx?file=7a307dbe-6cc3-419a-bf82-a0363f8ee232.pdf"
"7a3e6a0e-8e91-4beb-b0bd-7bd074908851.pdf","http://est05.esalestrack.com/eSalesTrack/Content/Content.ashx?file=7a3e6a0e-8e91-4beb-b0bd-7bd074908851.pdf"
"7a58a8b8-869e-426b-906f-91975efc23b6.pdf","http://est05.esalestrack.com/eSalesTrack/Content/Content.ashx?file=7a58a8b8-869e-426b-906f-91975efc23b6.pdf"
"7c2a8eef-008b-4baa-99e7-49b1cd3a8936.pdf","http://est05.esalestrack.com/eSalesTrack/Content/Content.ashx?file=7c2a8eef-008b-4baa-99e7-49b1cd3a8936.pdf"
"7c3a8629-09b0-4a7d-99e0-d44e3fcdacd7.pdf","http://est05.esalestrack.com/eSalesTrack/Content/Content.ashx?file=7c3a8629-09b0-4a7d-99e0-d44e3fcdacd7.pdf"
"7d670b96-75da-4a38-a789-1d4a1d6b97c9.pdf","http://est05.esalestrack.com/eSalesTrack/Content/Content.ashx?file=7d670b96-75da-4a38-a789-1d4a1d6b97c9.pdf"
"7dc88898-2715-4243-a4e2-6499eb0930a4.pdf","http://est05.esalestrack.com/eSalesTrack/Content/Content.ashx?file=7dc88898-2715-4243-a4e2-6499eb0930a4.pdf"
"7ebff2b1-aa30-43af-88de-3b7a494ff2f4.pdf","http://est05.esalestrack.com/eSalesTrack/Content/Content.ashx?file=7ebff2b1-aa30-43af-88de-3b7a494ff2f4.pdf"
"8022022f-f0be-46d4-82b2-d41c555e0185.pdf","http://est05.esalestrack.com/eSalesTrack/Content/Content.ashx?file=8022022f-f0be-46d4-82b2-d41c555e0185.pdf"
"802c28b1-2442-40cf-971f-9e7c2e94527c.pdf","http://est05.esalestrack.com/eSalesTrack/Content/Content.ashx?file=802c28b1-2442-40cf-971f-9e7c2e94527c.pdf"
"804d05e1-b286-4bbb-beb2-8f79b6b6dc88.pdf","http://est05.esalestrack.com/eSalesTrack/Content/Content.ashx?file=804d05e1-b286-4bbb-beb2-8f79b6b6dc88.pdf"
"80721d00-cee9-4971-a671-e7e56ca71ab1.pdf","http://est05.esalestrack.com/eSalesTrack/Content/Content.ashx?file=80721d00-cee9-4971-a671-e7e56ca71ab1.pdf"
"807dd3e1-352b-4895-afd0-d9581312c4d6.pdf","http://est05.esalestrack.com/eSalesTrack/Content/Content.ashx?file=807dd3e1-352b-4895-afd0-d9581312c4d6.pdf"
"81610e38-dd7f-4cb6-8d62-bcd80458a23f.pdf","http://est05.esalestrack.com/eSalesTrack/Content/Content.ashx?file=81610e38-dd7f-4cb6-8d62-bcd80458a23f.pdf"
"818d2868-99c3-45b8-9a5c-d59450cf9b56.pdf","http://est05.esalestrack.com/eSalesTrack/Content/Content.ashx?file=818d2868-99c3-45b8-9a5c-d59450cf9b56.pdf"
"81e5c037-a739-43b8-9175-b5092e9fc160.pdf","http://est05.esalestrack.com/eSalesTrack/Content/Content.ashx?file=81e5c037-a739-43b8-9175-b5092e9fc160.pdf"
"82257440-04b2-4e8d-a918-918a625737a9.pdf","http://est05.esalestrack.com/eSalesTrack/Content/Content.ashx?file=82257440-04b2-4e8d-a918-918a625737a9.pdf"
"82b159db-55f3-440f-894f-da6480757f13.pdf","http://est05.esalestrack.com/eSalesTrack/Content/Content.ashx?file=82b159db-55f3-440f-894f-da6480757f13.pdf"
"84fac2e0-b5ff-4011-86bf-d183317abba9.pdf","http://est05.esalestrack.com/eSalesTrack/Content/Content.ashx?file=84fac2e0-b5ff-4011-86bf-d183317abba9.pdf"
"850e3a27-a322-4f6e-9002-b369768179c0.pdf","http://est05.esalestrack.com/eSalesTrack/Content/Content.ashx?file=850e3a27-a322-4f6e-9002-b369768179c0.pdf"
"87c611cd-3f9c-4b9f-9d33-29a12fa774c5.pdf","http://est05.esalestrack.com/eSalesTrack/Content/Content.ashx?file=87c611cd-3f9c-4b9f-9d33-29a12fa774c5.pdf"
"87c8409a-9bc9-4721-96b9-a9c36ba9f647.pdf","http://est05.esalestrack.com/eSalesTrack/Content/Content.ashx?file=87c8409a-9bc9-4721-96b9-a9c36ba9f647.pdf"
"884a1ad8-5dca-4f5f-a6f7-65c5ca0d5223.pdf","http://est05.esalestrack.com/eSalesTrack/Content/Content.ashx?file=884a1ad8-5dca-4f5f-a6f7-65c5ca0d5223.pdf"
"89032032-81b8-45a9-8e57-d891e7ba379d.pdf","http://est05.esalestrack.com/eSalesTrack/Content/Content.ashx?file=89032032-81b8-45a9-8e57-d891e7ba379d.pdf"
"894d1c2c-11b3-4e26-b65c-691894cdd1eb.pdf","http://est05.esalestrack.com/eSalesTrack/Content/Content.ashx?aid=2181&system_filename=894d1c2c-11b3-4e26-b65c-691894cdd1eb.pdf"
"89d39838-fd4a-4dcc-b3f2-cdb4fc61d66e.pdf","http://est05.esalestrack.com/eSalesTrack/Content/Content.ashx?file=89d39838-fd4a-4dcc-b3f2-cdb4fc61d66e.pdf"
"8a33f000-7d22-4d01-9767-7b9cb08f73c2.pdf","http://est05.esalestrack.com/eSalesTrack/Content/Content.ashx?file=8a33f000-7d22-4d01-9767-7b9cb08f73c2.pdf"
"8b3642c6-c71b-4e29-ba52-0f7dc8540ce0.pdf","http://est05.esalestrack.com/eSalesTrack/Content/Content.ashx?file=8b3642c6-c71b-4e29-ba52-0f7dc8540ce0.pdf"
"8b3bf5e1-c375-4fe8-9f01-356f6e838d88.pdf","http://est05.esalestrack.com/eSalesTrack/Content/Content.ashx?file=8b3bf5e1-c375-4fe8-9f01-356f6e838d88.pdf"
"8bb93b4b-7784-4b38-a717-18828fab900e.pdf","http://est05.esalestrack.com/eSalesTrack/Content/Content.ashx?file=8bb93b4b-7784-4b38-a717-18828fab900e.pdf"
"8c33383f-b13c-496d-81fd-5b7c6d164ca5.pdf","http://est05.esalestrack.com/eSalesTrack/Content/Content.ashx?file=8c33383f-b13c-496d-81fd-5b7c6d164ca5.pdf"
"8ca21ddc-74eb-458a-8960-692f33bbbdcc.pdf","http://est05.esalestrack.com/eSalesTrack/Content/Content.ashx?aid=2181&system_filename=8ca21ddc-74eb-458a-8960-692f33bbbdcc.pdf"
"8d16ab6e-1a0c-4f96-afc2-4c3a1ad0530e.pdf","http://est05.esalestrack.com/eSalesTrack/Content/Content.ashx?file=8d16ab6e-1a0c-4f96-afc2-4c3a1ad0530e.pdf"
"8db99627-cb43-4c89-94be-023eb8e7769a.pdf","http://est05.esalestrack.com/eSalesTrack/Content/Content.ashx?file=8db99627-cb43-4c89-94be-023eb8e7769a.pdf"
"8e57b293-bc95-4ea2-8e2b-bb19017541f7.pdf","http://est05.esalestrack.com/eSalesTrack/Content/Content.ashx?file=8e57b293-bc95-4ea2-8e2b-bb19017541f7.pdf"
"8ebb959e-ffff-4c97-8ed0-2fc147a454f7.pdf","http://est05.esalestrack.com/eSalesTrack/Content/Content.ashx?file=8ebb959e-ffff-4c97-8ed0-2fc147a454f7.pdf"
"9008b05e-37cb-46c0-bbe9-3684d2a8a0a6.pdf","http://est05.esalestrack.com/eSalesTrack/Content/Content.ashx?file=9008b05e-37cb-46c0-bbe9-3684d2a8a0a6.pdf"
"917d221a-ad1d-4b37-83aa-5bc6b4ed0e9c.pdf","http://est05.esalestrack.com/eSalesTrack/Content/Content.ashx?file=917d221a-ad1d-4b37-83aa-5bc6b4ed0e9c.pdf"
"91b198ba-dbd8-4252-a6d1-763100e47e07.pdf","https://est05.esalestrack.com/esalestrack/Content/Content.ashx?aid=2181&system_filename=91b198ba-dbd8-4252-a6d1-763100e47e07.pdf"
"922a00f6-47d0-40d9-83fa-5286cbc1d809.pdf","http://est05.esalestrack.com/eSalesTrack/Content/Content.ashx?file=922a00f6-47d0-40d9-83fa-5286cbc1d809.pdf"
"9232546f-1819-49b6-ac1a-6b6f77f8580b.pdf","https://est05.esalestrack.com/esalestrack/Content/Content.ashx?aid=2181&system_filename=9232546f-1819-49b6-ac1a-6b6f77f8580b.pdf"
"92c33641-9a98-4ca3-881e-77e6755fc17c.pdf","http://est05.esalestrack.com/eSalesTrack/Content/Content.ashx?file=92c33641-9a98-4ca3-881e-77e6755fc17c.pdf"
"938c1f71-8187-46ee-a9cd-089c0d177b5d.pdf","http://est05.esalestrack.com/eSalesTrack/Content/Content.ashx?aid=2181&system_filename=938c1f71-8187-46ee-a9cd-089c0d177b5d.pdf"
"95e5a3d6-86ff-41f7-905a-a9eb74d5aee2.pdf","http://est05.esalestrack.com/eSalesTrack/Content/Content.ashx?aid=2181&system_filename=95e5a3d6-86ff-41f7-905a-a9eb74d5aee2.pdf"
"96220fd2-3f63-44b3-91b5-9904c00c4d62.pdf","http://est05.esalestrack.com/eSalesTrack/Content/Content.ashx?file=96220fd2-3f63-44b3-91b5-9904c00c4d62.pdf"
"96234838-64ed-4f22-b027-6ea2aa2687cb.pdf","http://est05.esalestrack.com/eSalesTrack/Content/Content.ashx?file=96234838-64ed-4f22-b027-6ea2aa2687cb.pdf"
"968c7016-608f-4923-93e1-b4d623ba7bf1.pdf","http://est05.esalestrack.com/eSalesTrack/Content/Content.ashx?file=968c7016-608f-4923-93e1-b4d623ba7bf1.pdf"
"9712afac-0e94-4359-b24d-48942ceece23.pdf","http://est05.esalestrack.com/eSalesTrack/Content/Content.ashx?file=9712afac-0e94-4359-b24d-48942ceece23.pdf"
"97a6106a-6f55-4cb4-aa57-0fa7e4414f9a.pdf","http://est05.esalestrack.com/eSalesTrack/Content/Content.ashx?file=97a6106a-6f55-4cb4-aa57-0fa7e4414f9a.pdf"
"98c3e214-7eba-4cea-846d-6c0826d788b5.pdf","http://est05.esalestrack.com/eSalesTrack/Content/Content.ashx?file=98c3e214-7eba-4cea-846d-6c0826d788b5.pdf"
"98c59e38-ba68-4bfb-a886-53a016f066a4.pdf","http://est05.esalestrack.com/eSalesTrack/Content/Content.ashx?file=98c59e38-ba68-4bfb-a886-53a016f066a4.pdf"
"9900511b-f753-43f9-b8b4-b05e0b9bc7fc.pdf","http://est05.esalestrack.com/eSalesTrack/Content/Content.ashx?file=9900511b-f753-43f9-b8b4-b05e0b9bc7fc.pdf"
"99739cd7-3d80-4e93-9071-6d7c7b776602.pdf","http://est05.esalestrack.com/eSalesTrack/Content/Content.ashx?file=99739cd7-3d80-4e93-9071-6d7c7b776602.pdf"
"9a3a0ff4-0de7-493c-bd77-4bde62bd33ea.pdf","https://est05.esalestrack.com/esalestrack/Content/Content.ashx?aid=2181&system_filename=9a3a0ff4-0de7-493c-bd77-4bde62bd33ea.pdf"
"9bd0c0a1-5b1a-4d4a-863c-6e61f145eaba.pdf","http://est05.esalestrack.com/eSalesTrack/Content/Content.ashx?file=9bd0c0a1-5b1a-4d4a-863c-6e61f145eaba.pdf"
"9c3292b4-3bc2-4565-95a1-33b9aa3d6880.pdf","http://est05.esalestrack.com/eSalesTrack/Content/Content.ashx?file=9c3292b4-3bc2-4565-95a1-33b9aa3d6880.pdf"
"9cac0b5f-5349-4c7c-8511-04c1b35303b6.pdf","http://est05.esalestrack.com/eSalesTrack/Content/Content.ashx?file=9cac0b5f-5349-4c7c-8511-04c1b35303b6.pdf"
"9cd1249c-9fc6-4c68-a375-bfe6ff146d82.pdf","http://est05.esalestrack.com/eSalesTrack/Content/Content.ashx?file=9cd1249c-9fc6-4c68-a375-bfe6ff146d82.pdf"
"9d349616-ffef-479b-a836-71ad66bc89a9.pdf","http://est05.esalestrack.com/eSalesTrack/Content/Content.ashx?file=9d349616-ffef-479b-a836-71ad66bc89a9.pdf"
"9d5ea162-793f-4281-a583-38a583a9cb4f.pdf","http://est05.esalestrack.com/eSalesTrack/Content/Content.ashx?file=9d5ea162-793f-4281-a583-38a583a9cb4f.pdf"
"9e0fd89b-b114-4964-9954-dc1bd521db14.pdf","http://est05.esalestrack.com/eSalesTrack/Content/Content.ashx?aid=2181&system_filename=9e0fd89b-b114-4964-9954-dc1bd521db14.pdf"
"9e26a3a6-b7fb-46a4-ab78-7a368b3fc302.pdf","http://est05.esalestrack.com/eSalesTrack/Content/Content.ashx?file=9e26a3a6-b7fb-46a4-ab78-7a368b3fc302.pdf"
"9f8be9ca-96e0-4880-a396-ffd6065b77c5.pdf","http://est05.esalestrack.com/eSalesTrack/Content/Content.ashx?file=9f8be9ca-96e0-4880-a396-ffd6065b77c5.pdf"
"9fce2ab8-d2bb-42d0-a276-57a55bb32fb9.pdf","http://est05.esalestrack.com/eSalesTrack/Content/Content.ashx?file=9fce2ab8-d2bb-42d0-a276-57a55bb32fb9.pdf"
"9fe0b5ce-44ba-4ad6-b54f-ff8ac0847180.pdf","http://est05.esalestrack.com/eSalesTrack/Content/Content.ashx?file=9fe0b5ce-44ba-4ad6-b54f-ff8ac0847180.pdf"
"9ffefa8d-f902-429c-867f-4a3c67d943b4.pdf","http://est05.esalestrack.com/eSalesTrack/Content/Content.ashx?file=9ffefa8d-f902-429c-867f-4a3c67d943b4.pdf"
"a011d4c2-82f7-40a3-ac81-0b255041a0fd.pdf","http://est05.esalestrack.com/eSalesTrack/Content/Content.ashx?file=a011d4c2-82f7-40a3-ac81-0b255041a0fd.pdf"
"a034763a-c149-4f9f-9e34-6696300773f0.pdf","http://est05.esalestrack.com/eSalesTrack/Content/Content.ashx?aid=2181&system_filename=a034763a-c149-4f9f-9e34-6696300773f0.pdf"
"a068c52b-2ade-4b6f-bce3-53a70a3a3c43.pdf","https://est05.esalestrack.com/esalestrack/Content/Content.ashx?aid=2181&system_filename=a068c52b-2ade-4b6f-bce3-53a70a3a3c43.pdf"
"a0c52a6f-f2bb-4550-8945-339cb1e5cda1.pdf","https://est05.esalestrack.com/eSalesTrack/Content/Content.ashx?aid=2181&system_filename=a0c52a6f-f2bb-4550-8945-339cb1e5cda1.pdf"
"a0f61dcd-f3e0-42a1-824d-c4e99e04e9ef.pdf","http://est05.esalestrack.com/eSalesTrack/Content/Content.ashx?file=a0f61dcd-f3e0-42a1-824d-c4e99e04e9ef.pdf"
"a157ebf4-569a-4c3d-8c38-2122f4f1e280.pdf","http://est05.esalestrack.com/eSalesTrack/Content/Content.ashx?file=a157ebf4-569a-4c3d-8c38-2122f4f1e280.pdf"
"a286f78d-b8c9-4ef8-85d7-692da5a02f42.pdf","http://est05.esalestrack.com/eSalesTrack/Content/Content.ashx?file=a286f78d-b8c9-4ef8-85d7-692da5a02f42.pdf"
"a2e571b6-ca7c-4f40-86ad-6a0f995e9285.pdf","http://est05.esalestrack.com/eSalesTrack/Content/Content.ashx?aid=2181&system_filename=a2e571b6-ca7c-4f40-86ad-6a0f995e9285.pdf"
"a3e8b653-3945-4e2d-ba42-4d77b3371c46.pdf","http://est05.esalestrack.com/eSalesTrack/Content/Content.ashx?file=a3e8b653-3945-4e2d-ba42-4d77b3371c46.pdf"
"a45fa996-787f-4bbe-9c49-8a4179bb06cc.pdf","http://est05.esalestrack.com/eSalesTrack/Content/Content.ashx?file=a45fa996-787f-4bbe-9c49-8a4179bb06cc.pdf"
"a4e321f1-f01f-4aad-832c-af212fd0a664.pdf","http://est05.esalestrack.com/eSalesTrack/Content/Content.ashx?file=a4e321f1-f01f-4aad-832c-af212fd0a664.pdf"
"a50b1c9e-2de8-41a5-8c74-a0584c16412f.pdf","https://est05.esalestrack.com/esalestrack/Content/Content.ashx?aid=2181&system_filename=a50b1c9e-2de8-41a5-8c74-a0584c16412f.pdf"
"a5347be7-e3db-471b-84fd-1412ff9adec7.pdf","http://est05.esalestrack.com/eSalesTrack/Content/Content.ashx?file=a5347be7-e3db-471b-84fd-1412ff9adec7.pdf"
"a541b03a-5f51-4ff3-8029-e428fc0a2480.pdf","http://est05.esalestrack.com/eSalesTrack/Content/Content.ashx?file=a541b03a-5f51-4ff3-8029-e428fc0a2480.pdf"
"a5bdb836-9292-4080-886b-1f0fcea3fe57.pdf","http://est05.esalestrack.com/eSalesTrack/Content/Content.ashx?file=a5bdb836-9292-4080-886b-1f0fcea3fe57.pdf"
"a6643db2-0613-4bda-b43a-3b2da22f8db5.pdf","http://est05.esalestrack.com/eSalesTrack/Content/Content.ashx?file=a6643db2-0613-4bda-b43a-3b2da22f8db5.pdf"
"a6a4aa6c-be80-4be0-b9d6-cebc0b24fe2e.pdf","http://est05.esalestrack.com/eSalesTrack/Content/Content.ashx?file=a6a4aa6c-be80-4be0-b9d6-cebc0b24fe2e.pdf"
"a6d3e3db-270a-4f74-aba8-4f57b33acd32.pdf","http://est05.esalestrack.com/eSalesTrack/Content/Content.ashx?file=a6d3e3db-270a-4f74-aba8-4f57b33acd32.pdf"
"a7024751-209e-4a5a-8e41-cc07c8f4cdb5.pdf","http://est05.esalestrack.com/eSalesTrack/Content/Content.ashx?aid=2181&system_filename=a7024751-209e-4a5a-8e41-cc07c8f4cdb5.pdf"
"a7636f47-968f-43d4-81c4-9c21476596fa.pdf","http://est05.esalestrack.com/eSalesTrack/Content/Content.ashx?file=a7636f47-968f-43d4-81c4-9c21476596fa.pdf"
"a7835cfe-62a2-45f8-9b1c-07664b91682e.pdf","http://est05.esalestrack.com/eSalesTrack/Content/Content.ashx?file=a7835cfe-62a2-45f8-9b1c-07664b91682e.pdf"
"a78b5178-ebb4-40b2-a170-97a964bc1a76.pdf","http://est05.esalestrack.com/eSalesTrack/Content/Content.ashx?file=a78b5178-ebb4-40b2-a170-97a964bc1a76.pdf"
"a82de992-c180-43ad-bc3c-4913ec8a652e.pdf","http://est05.esalestrack.com/eSalesTrack/Content/Content.ashx?file=a82de992-c180-43ad-bc3c-4913ec8a652e.pdf"
"ace95cbe-d926-4df1-8484-e14e39064644.pdf","http://est05.esalestrack.com/eSalesTrack/Content/Content.ashx?file=ace95cbe-d926-4df1-8484-e14e39064644.pdf"
"ad61e885-ecc5-4d5f-900d-eb15fad5f323.pdf","http://est05.esalestrack.com/eSalesTrack/Content/Content.ashx?aid=2181&system_filename=ad61e885-ecc5-4d5f-900d-eb15fad5f323.pdf"
"aec9b71d-4d98-403f-be70-f1c2edab9db3.pdf","https://est05.esalestrack.com/esalestrack/Content/Content.ashx?aid=2181&system_filename=aec9b71d-4d98-403f-be70-f1c2edab9db3.pdf"
"aedddf4b-9ded-4b05-be61-ddc57cec844e.pdf","http://est05.esalestrack.com/eSalesTrack/Content/Content.ashx?file=aedddf4b-9ded-4b05-be61-ddc57cec844e.pdf"
"b039a013-b133-49c0-8051-43541ddb6281.pdf","https://est05.esalestrack.com/esalestrack/Content/Content.ashx?aid=2181&system_filename=b039a013-b133-49c0-8051-43541ddb6281.pdf"
"b113be0a-25e3-446a-afbd-c19e919a911b.pdf","http://est05.esalestrack.com/eSalesTrack/Content/Content.ashx?file=b113be0a-25e3-446a-afbd-c19e919a911b.pdf"
"b1c0d254-c04d-4590-a290-54371f053d08.pdf","http://est05.esalestrack.com/eSalesTrack/Content/Content.ashx?file=b1c0d254-c04d-4590-a290-54371f053d08.pdf"
"b2ec5b6f-37d6-4e4e-ba8a-a0abb7b7487e.pdf","http://est05.esalestrack.com/eSalesTrack/Content/Content.ashx?file=b2ec5b6f-37d6-4e4e-ba8a-a0abb7b7487e.pdf"
"b3537c28-1a61-4637-82b8-45694c9a6404.pdf","http://est05.esalestrack.com/eSalesTrack/Content/Content.ashx?aid=2181&system_filename=b3537c28-1a61-4637-82b8-45694c9a6404.pdf"
"b44444e4-a4bc-4114-9a80-41cde428e6b2.pdf","https://est05.esalestrack.com/eSalesTrack/Content/Content.ashx?aid=2181&system_filename=b44444e4-a4bc-4114-9a80-41cde428e6b2.pdf"
"b4b78a12-8aa2-4608-86dc-8cc29da73e46.pdf","http://est05.esalestrack.com/eSalesTrack/Content/Content.ashx?file=b4b78a12-8aa2-4608-86dc-8cc29da73e46.pdf"
"b4bef57b-ce24-4781-8b9b-c5a408a07e13.pdf","https://est05.esalestrack.com/esalestrack/Content/Content.ashx?aid=2181&system_filename=b4bef57b-ce24-4781-8b9b-c5a408a07e13.pdf"
"b4d4e476-487d-4256-b03e-d204c75047e4.pdf","http://est05.esalestrack.com/eSalesTrack/Content/Content.ashx?file=b4d4e476-487d-4256-b03e-d204c75047e4.pdf"
"b53982ad-6f55-4b2c-82ec-0ec071e1f66a.pdf","http://est05.esalestrack.com/eSalesTrack/Content/Content.ashx?file=b53982ad-6f55-4b2c-82ec-0ec071e1f66a.pdf"
"b7e6e0b5-147b-4db2-bf08-aa20add15ad9.pdf","http://est05.esalestrack.com/eSalesTrack/Content/Content.ashx?file=b7e6e0b5-147b-4db2-bf08-aa20add15ad9.pdf"
"b846cf28-867f-45c5-88d5-12f4d83536a2.pdf","https://est05.esalestrack.com/esalestrack/Content/Content.ashx?aid=2181&system_filename=b846cf28-867f-45c5-88d5-12f4d83536a2.pdf"
"b8d4ddef-b785-424b-ab8a-7c79424159ae.pdf","http://est05.esalestrack.com/eSalesTrack/Content/Content.ashx?file=b8d4ddef-b785-424b-ab8a-7c79424159ae.pdf"
"b95a2262-40ba-4a14-ae18-a607988224e8.pdf","http://est05.esalestrack.com/eSalesTrack/Content/Content.ashx?file=b95a2262-40ba-4a14-ae18-a607988224e8.pdf"
"ba730677-29ad-4e7b-aff4-ed6fc01ebe77.pdf","http://est05.esalestrack.com/eSalesTrack/Content/Content.ashx?file=ba730677-29ad-4e7b-aff4-ed6fc01ebe77.pdf"
"bb122f0c-591f-4454-9def-b8da15457cd5.pdf","http://est05.esalestrack.com/eSalesTrack/Content/Content.ashx?file=bb122f0c-591f-4454-9def-b8da15457cd5.pdf"
"bb161e84-a590-4b13-81ab-0c6ddc1957fd.pdf","http://est05.esalestrack.com/eSalesTrack/Content/Content.ashx?file=bb161e84-a590-4b13-81ab-0c6ddc1957fd.pdf"
"bb332c2f-9fee-424d-94e2-ed42e81184a6.pdf","http://est05.esalestrack.com/eSalesTrack/Content/Content.ashx?file=bb332c2f-9fee-424d-94e2-ed42e81184a6.pdf"
"bba0fbda-9669-455e-bca0-8f6581000223.pdf","http://est05.esalestrack.com/eSalesTrack/Content/Content.ashx?file=bba0fbda-9669-455e-bca0-8f6581000223.pdf"
"bbc35157-3893-4a48-a984-c0090a9d0add.pdf","http://est05.esalestrack.com/eSalesTrack/Content/Content.ashx?aid=2181&system_filename=bbc35157-3893-4a48-a984-c0090a9d0add.pdf"
"bbd597d7-0d61-4e04-bcbf-16989cce994b.pdf","http://est05.esalestrack.com/eSalesTrack/Content/Content.ashx?file=bbd597d7-0d61-4e04-bcbf-16989cce994b.pdf"
"bcf07482-9b58-475e-8451-e51faa8ab0cc.pdf","http://est05.esalestrack.com/eSalesTrack/Content/Content.ashx?file=bcf07482-9b58-475e-8451-e51faa8ab0cc.pdf"
"bd6fc4da-9c80-4c2b-872d-faa4a400e1e2.pdf","http://est05.esalestrack.com/eSalesTrack/Content/Content.ashx?file=bd6fc4da-9c80-4c2b-872d-faa4a400e1e2.pdf"
"c0ad24fd-a94b-45b1-b66f-78ecd04fb979.pdf","http://est05.esalestrack.com/eSalesTrack/Content/Content.ashx?file=c0ad24fd-a94b-45b1-b66f-78ecd04fb979.pdf"
"c13861d3-3ea1-40c5-bb4c-69cd294efd40.pdf","http://est05.esalestrack.com/eSalesTrack/Content/Content.ashx?file=c13861d3-3ea1-40c5-bb4c-69cd294efd40.pdf"
"c34426fc-fc23-4570-a58f-f7124ff3a941.pdf","http://est05.esalestrack.com/eSalesTrack/Content/Content.ashx?file=c34426fc-fc23-4570-a58f-f7124ff3a941.pdf"
"c3605bcc-2cc5-43e0-bb23-f587aeae7792.pdf","http://est05.esalestrack.com/eSalesTrack/Content/Content.ashx?file=c3605bcc-2cc5-43e0-bb23-f587aeae7792.pdf"
"c3a689ff-4e04-4e63-a993-b562ac907827.pdf","http://est05.esalestrack.com/eSalesTrack/Content/Content.ashx?file=c3a689ff-4e04-4e63-a993-b562ac907827.pdf"
"c4c7708b-71f3-441f-852e-c1eca0484763.pdf","http://est05.esalestrack.com/eSalesTrack/Content/Content.ashx?file=c4c7708b-71f3-441f-852e-c1eca0484763.pdf"
"c4d75a35-0927-4375-bdfb-3d425f208ba6.pdf","http://est05.esalestrack.com/eSalesTrack/Content/Content.ashx?file=c4d75a35-0927-4375-bdfb-3d425f208ba6.pdf"
"c50bb550-7521-4946-ae71-86410af007e4.pdf","http://est05.esalestrack.com/eSalesTrack/Content/Content.ashx?file=c50bb550-7521-4946-ae71-86410af007e4.pdf"
"c59286ae-89c5-4d1d-95e9-a2092eaf2e85.pdf","http://est05.esalestrack.com/eSalesTrack/Content/Content.ashx?file=c59286ae-89c5-4d1d-95e9-a2092eaf2e85.pdf"
"c63dafa2-9bff-41c2-b8a4-a90f723014a0.pdf","http://est05.esalestrack.com/eSalesTrack/Content/Content.ashx?file=c63dafa2-9bff-41c2-b8a4-a90f723014a0.pdf"
"c696d1a7-9eb6-43d1-b599-1bb26013ca33.pdf","http://est05.esalestrack.com/eSalesTrack/Content/Content.ashx?file=c696d1a7-9eb6-43d1-b599-1bb26013ca33.pdf"
"c80a09f8-dc68-41d8-a485-4e5b5b221667.pdf","http://est05.esalestrack.com/eSalesTrack/Content/Content.ashx?file=c80a09f8-dc68-41d8-a485-4e5b5b221667.pdf"
"c82227d1-a514-4a89-a7a7-b3237a30a316.pdf","https://est05.esalestrack.com/esalestrack/Content/Content.ashx?aid=2181&system_filename=c82227d1-a514-4a89-a7a7-b3237a30a316.pdf"
"c839d7ab-3b40-4a22-adfa-c7547e691759.pdf","https://est05.esalestrack.com/esalestrack/Content/Content.ashx?aid=2181&system_filename=c839d7ab-3b40-4a22-adfa-c7547e691759.pdf"
"c858e603-f07f-407f-bd13-469656bd1cdf.pdf","http://est05.esalestrack.com/eSalesTrack/Content/Content.ashx?file=c858e603-f07f-407f-bd13-469656bd1cdf.pdf"
"c8bfc7d6-d2c5-4218-ab1e-428ec8fca0d1.pdf","http://est05.esalestrack.com/eSalesTrack/Content/Content.ashx?file=c8bfc7d6-d2c5-4218-ab1e-428ec8fca0d1.pdf"
"c9084000-2696-48e0-97b0-15faa51a4353.pdf","http://est05.esalestrack.com/eSalesTrack/Content/Content.ashx?file=c9084000-2696-48e0-97b0-15faa51a4353.pdf"
"c9895635-c093-474a-8081-5b121211bb08.pdf","http://est05.esalestrack.com/eSalesTrack/Content/Content.ashx?file=c9895635-c093-474a-8081-5b121211bb08.pdf"
"ca87a989-8e5a-48d6-9715-87263b288df8.pdf","http://est05.esalestrack.com/eSalesTrack/Content/Content.ashx?aid=2181&system_filename=ca87a989-8e5a-48d6-9715-87263b288df8.pdf"
"caae26d9-a350-46fa-8bdb-c628ba569d67.pdf","http://est05.esalestrack.com/eSalesTrack/Content/Content.ashx?file=caae26d9-a350-46fa-8bdb-c628ba569d67.pdf"
"cb569876-444f-458c-b79c-ae5d79e29e43.pdf","http://est05.esalestrack.com/eSalesTrack/Content/Content.ashx?file=cb569876-444f-458c-b79c-ae5d79e29e43.pdf"
"cb5bcda7-4ebd-4eb9-8bf0-d21c3cfacb11.pdf","http://est05.esalestrack.com/eSalesTrack/Content/Content.ashx?file=cb5bcda7-4ebd-4eb9-8bf0-d21c3cfacb11.pdf"
"cb8cdff5-8b59-4e09-abb2-61233af976e2.pdf","http://est05.esalestrack.com/eSalesTrack/Content/Content.ashx?file=cb8cdff5-8b59-4e09-abb2-61233af976e2.pdf"
"cc264e00-74a2-4c1d-9e4f-d47e9d69a20b.pdf","https://est05.esalestrack.com/esalestrack/Content/Content.ashx?aid=2181&system_filename=cc264e00-74a2-4c1d-9e4f-d47e9d69a20b.pdf"
"cd104872-c18f-400a-954e-2eeb9e729cc7.pdf","http://est05.esalestrack.com/eSalesTrack/Content/Content.ashx?file=cd104872-c18f-400a-954e-2eeb9e729cc7.pdf"
"ceb184ec-da5b-4f7f-affb-f10d647863ea.pdf","http://est05.esalestrack.com/eSalesTrack/Content/Content.ashx?file=ceb184ec-da5b-4f7f-affb-f10d647863ea.pdf"
"ceeceece-b967-4f16-8b05-daea71d46ddc.pdf","http://est05.esalestrack.com/eSalesTrack/Content/Content.ashx?file=ceeceece-b967-4f16-8b05-daea71d46ddc.pdf"
"cf76f3d0-5ff4-4c18-ad54-ee8c424e5834.pdf","http://est05.esalestrack.com/eSalesTrack/Content/Content.ashx?file=cf76f3d0-5ff4-4c18-ad54-ee8c424e5834.pdf"
"d052a7bb-8305-48d7-bafb-0583db28a6c3.pdf","https://est05.esalestrack.com/esalestrack/Content/Content.ashx?aid=2181&system_filename=d052a7bb-8305-48d7-bafb-0583db28a6c3.pdf"
"d134d4b7-73cc-4968-b9f2-16f64d04dd2b.pdf","http://est05.esalestrack.com/eSalesTrack/Content/Content.ashx?file=d134d4b7-73cc-4968-b9f2-16f64d04dd2b.pdf"
"d1af5930-9d07-43b7-a403-a63e5bf1f0b7.pdf","http://est05.esalestrack.com/eSalesTrack/Content/Content.ashx?file=d1af5930-9d07-43b7-a403-a63e5bf1f0b7.pdf"
"d2630a12-ca40-4c32-af03-30be163467c5.pdf","https://est05.esalestrack.com/esalestrack/Content/Content.ashx?aid=2181&system_filename=d2630a12-ca40-4c32-af03-30be163467c5.pdf"
"d3c0f413-1345-435a-b5bd-e636f00a3540.pdf","http://est05.esalestrack.com/eSalesTrack/Content/Content.ashx?file=d3c0f413-1345-435a-b5bd-e636f00a3540.pdf"
"d42c5b58-464e-46f3-81e1-6be89a62df26.pdf","http://est05.esalestrack.com/eSalesTrack/Content/Content.ashx?file=d42c5b58-464e-46f3-81e1-6be89a62df26.pdf"
"d50ebda3-f70c-41d0-9e7f-61dd02b26955.pdf","http://est05.esalestrack.com/eSalesTrack/Content/Content.ashx?file=d50ebda3-f70c-41d0-9e7f-61dd02b26955.pdf"
"d54781c3-6848-438b-9e5c-5b1cf05c1940.pdf","http://est05.esalestrack.com/eSalesTrack/Content/Content.ashx?file=d54781c3-6848-438b-9e5c-5b1cf05c1940.pdf"
"d5e2ffc0-e7f6-40b2-b2d2-36e1c7b3e4b1.pdf","http://est05.esalestrack.com/eSalesTrack/Content/Content.ashx?file=d5e2ffc0-e7f6-40b2-b2d2-36e1c7b3e4b1.pdf"
"d64d966f-9d72-407c-bce7-e9b5c64ee2b4.pdf","http://est05.esalestrack.com/eSalesTrack/Content/Content.ashx?file=d64d966f-9d72-407c-bce7-e9b5c64ee2b4.pdf"
"d666a5d2-3ca9-470f-935a-2a7e1d44873e.pdf","http://est05.esalestrack.com/eSalesTrack/Content/Content.ashx?file=d666a5d2-3ca9-470f-935a-2a7e1d44873e.pdf"
"d77720dd-101b-47d7-b817-0e3b082ec7b9.pdf","http://est05.esalestrack.com/eSalesTrack/Content/Content.ashx?file=d77720dd-101b-47d7-b817-0e3b082ec7b9.pdf"
"d81a65cd-2bdc-43e2-9cd9-3ea0d72e1b9f.pdf","http://est05.esalestrack.com/eSalesTrack/Content/Content.ashx?file=d81a65cd-2bdc-43e2-9cd9-3ea0d72e1b9f.pdf"
"d8718e52-5faf-4e0b-851a-01a00d9fc529.pdf","https://est05.esalestrack.com/eSalesTrack/Content/Content.ashx?aid=2181&system_filename=d8718e52-5faf-4e0b-851a-01a00d9fc529.pdf"
"d87d7dd1-5c31-4b53-a3ae-49035400a430.pdf","http://est05.esalestrack.com/eSalesTrack/Content/Content.ashx?file=d87d7dd1-5c31-4b53-a3ae-49035400a430.pdf"
"d8e61c3a-1584-440f-9e34-1e157998ef2b.pdf","https://est05.esalestrack.com/eSalesTrack/Content/Content.ashx?aid=2181&system_filename=d8e61c3a-1584-440f-9e34-1e157998ef2b.pdf"
"d9bab0e7-9aff-45cb-855d-f7a6a10c844f.pdf","http://est05.esalestrack.com/eSalesTrack/Content/Content.ashx?file=d9bab0e7-9aff-45cb-855d-f7a6a10c844f.pdf"
"da97a905-0782-4b12-a830-29e93d446732.pdf","http://est05.esalestrack.com/eSalesTrack/Content/Content.ashx?file=da97a905-0782-4b12-a830-29e93d446732.pdf"
"daadaac4-3c04-4820-b72b-aded3c51d0c8.pdf","http://est05.esalestrack.com/eSalesTrack/Content/Content.ashx?file=daadaac4-3c04-4820-b72b-aded3c51d0c8.pdf"
"dae20f0d-1fd6-4997-a33e-15e5a6258085.pdf","http://est05.esalestrack.com/eSalesTrack/Content/Content.ashx?file=dae20f0d-1fd6-4997-a33e-15e5a6258085.pdf"
"dbac575a-c302-44d5-a835-e732112d58db.pdf","http://est05.esalestrack.com/eSalesTrack/Content/Content.ashx?file=dbac575a-c302-44d5-a835-e732112d58db.pdf"
"dbdaafeb-c960-4798-a1cd-97a6cb8317b2.pdf","https://est05.esalestrack.com/esalestrack/Content/Content.ashx?aid=2181&system_filename=dbdaafeb-c960-4798-a1cd-97a6cb8317b2.pdf"
"dd1d2abf-1e97-42cf-a3e0-885ab4ba9bd4.pdf","https://est05.esalestrack.com/eSalesTrack/Content/Content.ashx?aid=2181&system_filename=dd1d2abf-1e97-42cf-a3e0-885ab4ba9bd4.pdf"
"dd6517fc-8819-4444-967f-f3c0f2e2ef04.pdf","http://est05.esalestrack.com/eSalesTrack/Content/Content.ashx?file=dd6517fc-8819-4444-967f-f3c0f2e2ef04.pdf"
"de42881b-f280-4f49-8044-d7eedbb6a964.pdf","http://est05.esalestrack.com/eSalesTrack/Content/Content.ashx?file=de42881b-f280-4f49-8044-d7eedbb6a964.pdf"
"df895ae7-bb9e-450e-9336-4b70d970dc65.pdf","http://est05.esalestrack.com/eSalesTrack/Content/Content.ashx?file=df895ae7-bb9e-450e-9336-4b70d970dc65.pdf"
"e0baf554-b2a1-4e40-8ac0-78c4b8bcf5d9.pdf","http://est05.esalestrack.com/eSalesTrack/Content/Content.ashx?file=e0baf554-b2a1-4e40-8ac0-78c4b8bcf5d9.pdf"
"e14a9f52-143e-4f60-9c89-fb9fddbcd186.pdf","http://est05.esalestrack.com/eSalesTrack/Content/Content.ashx?file=e14a9f52-143e-4f60-9c89-fb9fddbcd186.pdf"
"e1a07aae-5e1b-4d3d-96a0-b84687247506.pdf","http://est05.esalestrack.com/eSalesTrack/Content/Content.ashx?file=e1a07aae-5e1b-4d3d-96a0-b84687247506.pdf"
"e1ddd61c-8d1e-48fb-98bd-1836d1e6d0fe.pdf","http://est05.esalestrack.com/eSalesTrack/Content/Content.ashx?file=e1ddd61c-8d1e-48fb-98bd-1836d1e6d0fe.pdf"
"e22ae2b4-ad29-4237-8cb7-c3386b99ef8c.pdf","https://est05.esalestrack.com/esalestrack/Content/Content.ashx?aid=2181&system_filename=e22ae2b4-ad29-4237-8cb7-c3386b99ef8c.pdf"
"e23124c7-88c9-4090-b644-6f95e4f09709.pdf","http://est05.esalestrack.com/eSalesTrack/Content/Content.ashx?file=e23124c7-88c9-4090-b644-6f95e4f09709.pdf"
"e239a11e-01f2-42a2-8f8f-e23c87a3ba59.pdf","https://est05.esalestrack.com/esalestrack/Content/Content.ashx?aid=2181&system_filename=e239a11e-01f2-42a2-8f8f-e23c87a3ba59.pdf"
"e32b417a-a629-47cb-9dc4-237e940edee0.pdf","http://est05.esalestrack.com/eSalesTrack/Content/Content.ashx?file=e32b417a-a629-47cb-9dc4-237e940edee0.pdf"
"e3751bd4-e5fd-478f-839f-d29a418dd1af.pdf","http://est05.esalestrack.com/eSalesTrack/Content/Content.ashx?file=e3751bd4-e5fd-478f-839f-d29a418dd1af.pdf"
"e44c13f2-bd3f-493a-9e73-8b89dd46a94c.pdf","http://est05.esalestrack.com/eSalesTrack/Content/Content.ashx?file=e44c13f2-bd3f-493a-9e73-8b89dd46a94c.pdf"
"e4849b03-62b3-4392-a1d0-53d89ea6211d.pdf","http://est05.esalestrack.com/eSalesTrack/Content/Content.ashx?file=e4849b03-62b3-4392-a1d0-53d89ea6211d.pdf"
"e4ac64f4-f536-4607-a588-f300cc4a7012.pdf","http://est05.esalestrack.com/eSalesTrack/Content/Content.ashx?file=e4ac64f4-f536-4607-a588-f300cc4a7012.pdf"
"e4f6dafb-b2c2-4548-a220-3471f538d00f.pdf","http://est05.esalestrack.com/eSalesTrack/Content/Content.ashx?file=e4f6dafb-b2c2-4548-a220-3471f538d00f.pdf"
"e630b724-8cb8-4f71-9854-07a393fb56e6.pdf","http://est05.esalestrack.com/eSalesTrack/Content/Content.ashx?file=e630b724-8cb8-4f71-9854-07a393fb56e6.pdf"
"e679c00e-8926-4a50-a1ba-e7d8ab5e3275.pdf","http://est05.esalestrack.com/eSalesTrack/Content/Content.ashx?file=e679c00e-8926-4a50-a1ba-e7d8ab5e3275.pdf"
"e6c73f0b-ccc6-482f-bb0d-367d03b5881c.pdf","http://est05.esalestrack.com/eSalesTrack/Content/Content.ashx?file=e6c73f0b-ccc6-482f-bb0d-367d03b5881c.pdf"
"e8c80464-38e7-4fb4-b9b6-645983034fe8.pdf","http://est05.esalestrack.com/eSalesTrack/Content/Content.ashx?file=e8c80464-38e7-4fb4-b9b6-645983034fe8.pdf"
"e97ce994-309b-4e7b-9d76-dd65063fddb3.pdf","http://est05.esalestrack.com/eSalesTrack/Content/Content.ashx?file=e97ce994-309b-4e7b-9d76-dd65063fddb3.pdf"
"ea1e14b9-a8ef-4dad-92b2-29b1f291cabb.pdf","http://est05.esalestrack.com/eSalesTrack/Content/Content.ashx?file=ea1e14b9-a8ef-4dad-92b2-29b1f291cabb.pdf"
"eab509a4-8361-4005-8e7e-17e21c16aa5c.pdf","http://est05.esalestrack.com/eSalesTrack/Content/Content.ashx?file=eab509a4-8361-4005-8e7e-17e21c16aa5c.pdf"
"eabdeb61-c5ad-48f3-932c-ea527b961240.pdf","http://est05.esalestrack.com/eSalesTrack/Content/Content.ashx?file=eabdeb61-c5ad-48f3-932c-ea527b961240.pdf"
"ebe0bd63-b223-464a-ba10-7c7b43014ff2.pdf","http://est05.esalestrack.com/eSalesTrack/Content/Content.ashx?file=ebe0bd63-b223-464a-ba10-7c7b43014ff2.pdf"
"ecc4db14-ed10-4437-ab6d-61c9e4584a05.pdf","http://est05.esalestrack.com/eSalesTrack/Content/Content.ashx?file=ecc4db14-ed10-4437-ab6d-61c9e4584a05.pdf"
"ecf9b854-e1b0-4395-9f6e-9d103181fe6f.pdf","http://est05.esalestrack.com/eSalesTrack/Content/Content.ashx?file=ecf9b854-e1b0-4395-9f6e-9d103181fe6f.pdf"
"ed2ae333-ded2-426f-a479-8e29207aa106.pdf","http://est05.esalestrack.com/eSalesTrack/Content/Content.ashx?file=ed2ae333-ded2-426f-a479-8e29207aa106.pdf"
"ed350f51-2568-420c-8e7b-36d8ec95d68e.pdf","http://est05.esalestrack.com/eSalesTrack/Content/Content.ashx?file=ed350f51-2568-420c-8e7b-36d8ec95d68e.pdf"
"ed747fff-cf0a-4d36-ab05-94664e9e2227.pdf","http://est05.esalestrack.com/eSalesTrack/Content/Content.ashx?file=ed747fff-cf0a-4d36-ab05-94664e9e2227.pdf"
"ed95e68b-5aad-4d2c-9755-be48a854d8c3.pdf","http://est05.esalestrack.com/eSalesTrack/Content/Content.ashx?file=ed95e68b-5aad-4d2c-9755-be48a854d8c3.pdf"
"ee53fd56-83ae-4e2e-91ca-b97eefcd19f9.pdf","http://est05.esalestrack.com/eSalesTrack/Content/Content.ashx?file=ee53fd56-83ae-4e2e-91ca-b97eefcd19f9.pdf"
"ee86e307-0072-47d0-b08d-efd89a422b74.pdf","http://est05.esalestrack.com/eSalesTrack/Content/Content.ashx?file=ee86e307-0072-47d0-b08d-efd89a422b74.pdf"
"ef02ecda-329e-4ef9-a60a-7c990d64f15f.pdf","https://est05.esalestrack.com/esalestrack/Content/Content.ashx?aid=2181&system_filename=ef02ecda-329e-4ef9-a60a-7c990d64f15f.pdf"
"ef9ee48d-4a97-4f9a-864e-9245e3530e93.pdf","https://est05.esalestrack.com/eSalesTrack/Content/Content.ashx?aid=2181&system_filename=ef9ee48d-4a97-4f9a-864e-9245e3530e93.pdf"
"f037fc4f-a21b-41e0-a2d2-8ac27dc6309f.pdf","http://est05.esalestrack.com/eSalesTrack/Content/Content.ashx?file=f037fc4f-a21b-41e0-a2d2-8ac27dc6309f.pdf"
"f1a3c55a-09bf-49de-b7c7-756a31dc07e6.pdf","http://est05.esalestrack.com/eSalesTrack/Content/Content.ashx?file=f1a3c55a-09bf-49de-b7c7-756a31dc07e6.pdf"
"f21ea107-6d46-4893-aad1-7f5fa5a55566.pdf","http://est05.esalestrack.com/eSalesTrack/Content/Content.ashx?file=f21ea107-6d46-4893-aad1-7f5fa5a55566.pdf"
"f2949e94-1e89-4975-9b70-17d946df0736.pdf","http://est05.esalestrack.com/eSalesTrack/Content/Content.ashx?aid=2181&system_filename=f2949e94-1e89-4975-9b70-17d946df0736.pdf"
"f2a2abe2-7893-413f-a4d5-c61de670c27c.pdf","http://est05.esalestrack.com/eSalesTrack/Content/Content.ashx?file=f2a2abe2-7893-413f-a4d5-c61de670c27c.pdf"
"f3189655-deba-424b-8af7-a628cd6371bb.pdf","http://est05.esalestrack.com/eSalesTrack/Content/Content.ashx?file=f3189655-deba-424b-8af7-a628cd6371bb.pdf"
"f49a90e3-0ebd-4b74-a2e8-afac4ab5307f.pdf","http://est05.esalestrack.com/eSalesTrack/Content/Content.ashx?file=f49a90e3-0ebd-4b74-a2e8-afac4ab5307f.pdf"
"f4d35f5b-836e-4054-b69a-279f97fc57f4.pdf","http://est05.esalestrack.com/eSalesTrack/Content/Content.ashx?file=f4d35f5b-836e-4054-b69a-279f97fc57f4.pdf"
"f52b4269-667c-48b5-92b1-a56ac19ca009.pdf","https://est05.esalestrack.com/esalestrack/Content/Content.ashx?aid=2181&system_filename=f52b4269-667c-48b5-92b1-a56ac19ca009.pdf"
"f5a96376-3914-44ac-85b4-5ffd910b3863.pdf","http://est05.esalestrack.com/eSalesTrack/Content/Content.ashx?file=f5a96376-3914-44ac-85b4-5ffd910b3863.pdf"
"f66923db-2e8e-4220-8199-e370c847cbff.pdf","http://est05.esalestrack.com/eSalesTrack/Content/Content.ashx?file=f66923db-2e8e-4220-8199-e370c847cbff.pdf"
"f694abf8-77ef-4365-8369-14b343eace6a.pdf","http://est05.esalestrack.com/eSalesTrack/Content/Content.ashx?file=f694abf8-77ef-4365-8369-14b343eace6a.pdf"
"f6f0d6c5-aa53-49e0-a327-1209b7541d16.pdf","http://est05.esalestrack.com/eSalesTrack/Content/Content.ashx?file=f6f0d6c5-aa53-49e0-a327-1209b7541d16.pdf"
"f82bb3e7-ec4f-4434-a645-bccb0a226d14.pdf","http://est05.esalestrack.com/eSalesTrack/Content/Content.ashx?file=f82bb3e7-ec4f-4434-a645-bccb0a226d14.pdf"
"f83371cb-99b5-4b66-8959-a8afac0c94bd.pdf","http://est05.esalestrack.com/eSalesTrack/Content/Content.ashx?file=f83371cb-99b5-4b66-8959-a8afac0c94bd.pdf"
"f853e775-b239-4035-96c6-faf191fadebf.pdf","http://est05.esalestrack.com/eSalesTrack/Content/Content.ashx?file=f853e775-b239-4035-96c6-faf191fadebf.pdf"
"f91028ef-d9ed-434f-aa80-333bd57f231c.pdf","http://est05.esalestrack.com/eSalesTrack/Content/Content.ashx?file=f91028ef-d9ed-434f-aa80-333bd57f231c.pdf"
"f9b5dfee-f0ae-4fe5-b409-2e0b26557d94.pdf","http://est05.esalestrack.com/eSalesTrack/Content/Content.ashx?file=f9b5dfee-f0ae-4fe5-b409-2e0b26557d94.pdf"
"f9c31f38-c141-4365-be44-7f22e2e61eb6.pdf","http://est05.esalestrack.com/eSalesTrack/Content/Content.ashx?aid=2181&system_filename=f9c31f38-c141-4365-be44-7f22e2e61eb6.pdf"
"fa8d4a6f-3f2a-467f-a7cb-11a6c2ec91e9.pdf","http://est05.esalestrack.com/eSalesTrack/Content/Content.ashx?file=fa8d4a6f-3f2a-467f-a7cb-11a6c2ec91e9.pdf"
"fb6e9bb5-7571-4dd2-9d0e-b38632d8b7e4.pdf","http://est05.esalestrack.com/eSalesTrack/Content/Content.ashx?file=fb6e9bb5-7571-4dd2-9d0e-b38632d8b7e4.pdf"
"fc393248-87bb-4328-be95-c91b67ee209a.pdf","http://est05.esalestrack.com/eSalesTrack/Content/Content.ashx?file=fc393248-87bb-4328-be95-c91b67ee209a.pdf"
"fcf41f8b-8827-4402-965d-e2f2be6af6ee.pdf","http://est05.esalestrack.com/eSalesTrack/Content/Content.ashx?file=fcf41f8b-8827-4402-965d-e2f2be6af6ee.pdf"
"fec032f1-c7a7-42be-8513-e4aa994fbbda.pdf","https://est05.esalestrack.com/esalestrack/Content/Content.ashx?aid=2181&system_filename=fec032f1-c7a7-42be-8513-e4aa994fbbda.pdf"
"ff799c02-0855-4697-9357-76197a4987b0.pdf","http://est05.esalestrack.com/eSalesTrack/Content/Content.ashx?aid=2181&system_filename=ff799c02-0855-4697-9357-76197a4987b0.pdf"
"058a4ebc-2ac2-44dc-8d4e-72d9662bcc8a.pdf","https://est05.esalestrack.com/esalestrack/Content/Content.ashx?aid=2181&system_filename=058a4ebc-2ac2-44dc-8d4e-72d9662bcc8a.pdf"
"058a4ebc-2ac2-44dc-8d4e-72d9662bcc8a.pdf","https://est05.esalestrack.com/esalestrack/Content/Content.ashx?aid=2181&system_filename=058a4ebc-2ac2-44dc-8d4e-72d9662bcc8a.pdf"
"134e6f89-c1ab-40f9-971b-3d1cc56014bf.pdf","http://est05.esalestrack.com/eSalesTrack/Content/Content.ashx?aid=2181&system_filename=134e6f89-c1ab-40f9-971b-3d1cc56014bf.pdf"
"277947d0-a8c4-445c-b4a3-b3296e41c263.pdf","http://est05.esalestrack.com/eSalesTrack/Content/Content.ashx?aid=2181&system_filename=277947d0-a8c4-445c-b4a3-b3296e41c263.pdf"
"2792c1ad-afd6-40cb-9c92-9351c87dca80.pdf","http://est05.esalestrack.com/eSalesTrack/Content/Content.ashx?file=2792c1ad-afd6-40cb-9c92-9351c87dca80.pdf"
"2792c1ad-afd6-40cb-9c92-9351c87dca80.pdf","http://est05.esalestrack.com/eSalesTrack/Content/Content.ashx?file=2792c1ad-afd6-40cb-9c92-9351c87dca80.pdf"
"2792c1ad-afd6-40cb-9c92-9351c87dca80.pdf","http://est05.esalestrack.com/eSalesTrack/Content/Content.ashx?file=2792c1ad-afd6-40cb-9c92-9351c87dca80.pdf"
"2792c1ad-afd6-40cb-9c92-9351c87dca80.pdf","http://est05.esalestrack.com/eSalesTrack/Content/Content.ashx?file=2792c1ad-afd6-40cb-9c92-9351c87dca80.pdf"
"3871f473-01cd-4aa8-82aa-8180d37a7ff6.pdf","http://est05.esalestrack.com/eSalesTrack/Content/Content.ashx?file=3871f473-01cd-4aa8-82aa-8180d37a7ff6.pdf"
"5261ea40-1fe9-4e2e-9ff6-bf53359f86a4.pdf","http://est05.esalestrack.com/eSalesTrack/Content/Content.ashx?file=5261ea40-1fe9-4e2e-9ff6-bf53359f86a4.pdf"
"5524f9a9-9b94-4cb2-af02-67e7865bc134.pdf","http://est05.esalestrack.com/eSalesTrack/Content/Content.ashx?aid=2181&system_filename=5524f9a9-9b94-4cb2-af02-67e7865bc134.pdf"
"5c4d5433-3575-482f-84e5-382cada4e20b.pdf","http://est05.esalestrack.com/eSalesTrack/Content/Content.ashx?aid=2181&system_filename=5c4d5433-3575-482f-84e5-382cada4e20b.pdf"
"5e7b3ae0-0287-4d85-9986-45cc622df218.pdf","https://est05.esalestrack.com/eSalesTrack/Content/Content.ashx?aid=2181&system_filename=5e7b3ae0-0287-4d85-9986-45cc622df218.pdf"
"69200abd-07e7-48b5-ae27-a74e46ed2902.pdf","http://est05.esalestrack.com/eSalesTrack/Content/Content.ashx?aid=2181&system_filename=69200abd-07e7-48b5-ae27-a74e46ed2902.pdf"
"6da2e223-1267-4958-8e78-7f13d314b323.pdf","http://est05.esalestrack.com/eSalesTrack/Content/Content.ashx?aid=2181&system_filename=6da2e223-1267-4958-8e78-7f13d314b323.pdf"
"6da2e223-1267-4958-8e78-7f13d314b323.pdf","http://est05.esalestrack.com/eSalesTrack/Content/Content.ashx?aid=2181&system_filename=6da2e223-1267-4958-8e78-7f13d314b323.pdf"
"7190927a-394e-4e30-960d-edf3bac93b46.pdf","http://est05.esalestrack.com/eSalesTrack/Content/Content.ashx?file=7190927a-394e-4e30-960d-edf3bac93b46.pdf"
"9232546f-1819-49b6-ac1a-6b6f77f8580b.pdf","https://est05.esalestrack.com/esalestrack/Content/Content.ashx?aid=2181&system_filename=9232546f-1819-49b6-ac1a-6b6f77f8580b.pdf"
"938c1f71-8187-46ee-a9cd-089c0d177b5d.pdf","http://est05.esalestrack.com/eSalesTrack/Content/Content.ashx?aid=2181&system_filename=938c1f71-8187-46ee-a9cd-089c0d177b5d.pdf"
"95e5a3d6-86ff-41f7-905a-a9eb74d5aee2.pdf","http://est05.esalestrack.com/eSalesTrack/Content/Content.ashx?aid=2181&system_filename=95e5a3d6-86ff-41f7-905a-a9eb74d5aee2.pdf"
"9e0fd89b-b114-4964-9954-dc1bd521db14.pdf","http://est05.esalestrack.com/eSalesTrack/Content/Content.ashx?aid=2181&system_filename=9e0fd89b-b114-4964-9954-dc1bd521db14.pdf"
"a068c52b-2ade-4b6f-bce3-53a70a3a3c43.pdf","https://est05.esalestrack.com/esalestrack/Content/Content.ashx?aid=2181&system_filename=a068c52b-2ade-4b6f-bce3-53a70a3a3c43.pdf"
"a7024751-209e-4a5a-8e41-cc07c8f4cdb5.pdf","http://est05.esalestrack.com/eSalesTrack/Content/Content.ashx?aid=2181&system_filename=a7024751-209e-4a5a-8e41-cc07c8f4cdb5.pdf"
"aec9b71d-4d98-403f-be70-f1c2edab9db3.pdf","https://est05.esalestrack.com/esalestrack/Content/Content.ashx?aid=2181&system_filename=aec9b71d-4d98-403f-be70-f1c2edab9db3.pdf"
"b3537c28-1a61-4637-82b8-45694c9a6404.pdf","http://est05.esalestrack.com/eSalesTrack/Content/Content.ashx?aid=2181&system_filename=b3537c28-1a61-4637-82b8-45694c9a6404.pdf"
"b3537c28-1a61-4637-82b8-45694c9a6404.pdf","http://est05.esalestrack.com/eSalesTrack/Content/Content.ashx?aid=2181&system_filename=b3537c28-1a61-4637-82b8-45694c9a6404.pdf"
"b44444e4-a4bc-4114-9a80-41cde428e6b2.pdf","https://est05.esalestrack.com/eSalesTrack/Content/Content.ashx?aid=2181&system_filename=b44444e4-a4bc-4114-9a80-41cde428e6b2.pdf"
"bbc35157-3893-4a48-a984-c0090a9d0add.pdf","http://est05.esalestrack.com/eSalesTrack/Content/Content.ashx?aid=2181&system_filename=bbc35157-3893-4a48-a984-c0090a9d0add.pdf"
"ca87a989-8e5a-48d6-9715-87263b288df8.pdf","http://est05.esalestrack.com/eSalesTrack/Content/Content.ashx?aid=2181&system_filename=ca87a989-8e5a-48d6-9715-87263b288df8.pdf"
"cb8cdff5-8b59-4e09-abb2-61233af976e2.pdf","http://est05.esalestrack.com/eSalesTrack/Content/Content.ashx?file=cb8cdff5-8b59-4e09-abb2-61233af976e2.pdf"
"cc264e00-74a2-4c1d-9e4f-d47e9d69a20b.pdf","https://est05.esalestrack.com/esalestrack/Content/Content.ashx?aid=2181&system_filename=cc264e00-74a2-4c1d-9e4f-d47e9d69a20b.pdf"
"d2630a12-ca40-4c32-af03-30be163467c5.pdf","https://est05.esalestrack.com/esalestrack/Content/Content.ashx?aid=2181&system_filename=d2630a12-ca40-4c32-af03-30be163467c5.pdf"
"d42c5b58-464e-46f3-81e1-6be89a62df26.pdf","http://est05.esalestrack.com/eSalesTrack/Content/Content.ashx?file=d42c5b58-464e-46f3-81e1-6be89a62df26.pdf"
"e239a11e-01f2-42a2-8f8f-e23c87a3ba59.pdf","https://est05.esalestrack.com/esalestrack/Content/Content.ashx?aid=2181&system_filename=e239a11e-01f2-42a2-8f8f-e23c87a3ba59.pdf"
"ee53fd56-83ae-4e2e-91ca-b97eefcd19f9.pdf","http://est05.esalestrack.com/eSalesTrack/Content/Content.ashx?file=ee53fd56-83ae-4e2e-91ca-b97eefcd19f9.pdf"